date,split,total,defect,defect_rate,health_mean,proba_mean
2025-10-01,train,66,3,4.55,0.000291,0.066151
2025-10-02,train,66,4,6.06,0.000145,0.069727
2025-10-03,train,65,5,7.69,0.000291,0.081618
2025-10-04,train,66,6,9.09,0.000377,0.085733
2025-10-05,train,65,4,6.15,0.000282,0.089444
2025-10-06,train,66,1,1.52,3.4e-05,0.104563
2025-10-07,train,66,0,0.0,0.0,0.086237
2025-10-08,train,65,0,0.0,0.0,0.094292
2025-10-09,train,66,1,1.52,0.00039,0.062878
2025-10-10,train,65,0,0.0,0.0,0.065775
2025-10-11,train,66,2,3.03,0.000239,0.073802
2025-10-12,train,65,8,12.31,0.000788,0.091076
2025-10-13,train,66,2,3.03,8.7e-05,0.071385
2025-10-14,train,66,10,15.15,0.000885,0.096332
2025-10-15,train,65,11,16.92,0.001054,0.093036
2025-10-16,train,66,9,13.64,0.001376,0.064925
2025-10-17,train,65,6,9.23,0.0006,0.096025
2025-10-18,train,66,0,0.0,0.0,0.042834
2025-10-19,train,65,1,1.54,0.0001,0.078549
2025-10-20,train,66,0,0.0,0.0,0.087073
2025-10-21,train,66,2,3.03,0.000235,0.072594
2025-10-22,train,65,1,1.54,4.5e-05,0.103738
2025-10-23,train,66,0,0.0,0.0,0.078895
2025-10-24,train,65,1,1.54,4.5e-05,0.059474
2025-10-25,train,66,0,0.0,0.0,0.073343
2025-10-26,train,65,0,0.0,0.0,0.082206
2025-10-27,train,66,1,1.52,8.7e-05,0.064134
2025-10-28,train,66,7,10.61,0.000734,0.083795
2025-10-29,train,65,1,1.54,0.000116,0.066338
2025-10-30,train,66,3,4.55,0.000173,0.078833
2025-10-31,train,65,3,4.62,0.000318,0.053494
2025-11-01,train,66,1,1.52,0.000106,0.082241
2025-11-02,train,65,0,0.0,0.0,0.065005
2025-11-03,train,66,0,0.0,0.0,0.140595
2025-11-04,train,66,1,1.52,8.2e-05,0.086625
2025-11-05,train,65,1,1.54,0.00025,0.075638
2025-11-06,train,66,0,0.0,0.0,0.069489
2025-11-07,train,65,0,0.0,0.0,0.073859
2025-11-08,train,66,0,0.0,0.0,0.117477
2025-11-09,train,65,0,0.0,0.0,0.112697
2025-11-10,train,66,0,0.0,0.0,0.076665
2025-11-11,train,66,1,1.52,5.2e-05,0.112943
2025-11-12,train,65,0,0.0,0.0,0.108743
2025-11-13,train,66,1,1.52,0.000186,0.093424
2025-11-14,train,65,2,3.08,0.000107,0.089634
2025-11-15,train,66,1,1.52,5.3e-05,0.043827
2025-11-16,train,65,0,0.0,0.0,0.096928
2025-11-17,train,66,3,4.55,0.000553,0.067351
2025-11-18,train,66,10,15.15,0.000524,0.091572
2025-11-19,train,65,8,12.31,0.000698,0.102254
2025-11-20,train,66,5,7.58,0.000737,0.093028
2025-11-21,train,65,9,13.85,0.000691,0.121081
2025-11-22,train,66,6,9.09,0.00058,0.095679
2025-11-23,train,65,0,0.0,0.0,0.099313
2025-11-24,train,66,0,0.0,0.0,0.103129
2025-11-25,train,66,9,13.64,0.000783,0.058735
2025-11-26,train,65,18,27.69,0.002019,0.145476
2025-11-27,train,66,11,16.67,0.001078,0.099198
2025-11-28,train,65,9,13.85,0.000894,0.081148
2025-11-29,train,66,10,15.15,0.000882,0.076111
2025-11-30,train,65,4,6.15,0.000456,0.101358
2025-12-01,train,66,4,6.06,0.000207,0.083556
2025-12-02,train,66,0,0.0,0.0,0.083739
2025-12-03,train,65,7,10.77,0.000417,0.116025
2025-12-04,train,66,3,4.55,0.000103,0.101169
2025-12-05,train,65,4,6.15,0.000382,0.080881
2025-12-06,train,66,6,9.09,0.001327,0.070747
2025-12-07,train,65,7,10.77,0.000844,0.103615
2025-12-08,train,66,5,7.58,0.000495,0.064324
2025-12-09,train,66,11,16.67,0.001635,0.082101
2025-12-10,train,65,4,6.15,0.000634,0.046212
2025-12-11,train,66,9,13.64,0.001416,0.079326
2025-12-12,train,65,12,18.46,0.002105,0.087961
2025-12-13,train,66,8,12.12,0.001539,0.077026
2025-12-14,train,65,6,9.23,0.000887,0.04576
2025-12-15,train,66,12,18.18,0.001766,0.081778
2025-12-16,train,66,14,21.21,0.002664,0.101206
2025-12-17,train,65,13,20.0,0.002091,0.135973
2025-12-18,train,66,13,19.7,0.001849,0.093139
2025-12-19,train,65,3,4.62,0.000402,0.073468
2025-12-20,train,66,0,0.0,0.0,0.061702
2025-12-21,train,65,0,0.0,0.0,0.082476
2025-12-22,train,66,0,0.0,0.0,0.050126
2025-12-23,train,66,0,0.0,0.0,0.109888
2025-12-24,train,65,0,0.0,0.0,0.113154
2025-12-25,train,66,0,0.0,0.0,0.04367
2025-12-26,train,65,0,0.0,0.0,0.083629
2025-12-27,train,66,0,0.0,0.0,0.086885
2025-12-28,train,65,1,1.54,0.000102,0.055426
2025-12-29,train,66,11,16.67,0.001027,0.076951
2025-12-30,train,66,7,10.61,0.000833,0.069303
2025-12-31,train,65,10,15.38,0.000864,0.079078
2026-01-01,train,66,2,3.03,0.000511,0.067179
2026-01-02,train,65,0,0.0,0.0,0.042213
2026-01-03,train,66,0,0.0,0.0,0.100795
2026-01-04,train,65,0,0.0,0.0,0.109881
2026-01-05,train,66,0,0.0,0.0,0.046564
2026-01-06,train,66,1,1.52,0.000246,0.102216
2026-01-07,train,65,12,18.46,0.003025,0.09796
2026-01-08,train,66,20,30.3,0.005705,0.138989
2026-01-09,train,65,5,7.69,0.000935,0.0502
2026-01-10,train,66,15,22.73,0.003326,0.127217
2026-01-11,train,66,13,19.7,0.00266,0.099796
2026-01-12,train,65,7,10.77,0.001173,0.055505
2026-01-13,train,66,6,9.09,0.001553,0.075142
2026-01-14,train,65,0,0.0,0.0,0.112252
2026-01-15,train,66,0,0.0,0.0,0.063391
2026-01-16,train,65,0,0.0,0.0,0.050478
2026-01-17,train,66,0,0.0,0.0,0.085941
2026-01-18,train,66,1,1.52,4e-05,0.059132
2026-01-19,train,65,3,4.62,0.000284,0.086371
2026-01-20,train,66,0,0.0,0.0,0.062834
2026-01-21,train,65,0,0.0,0.0,0.013286
2026-01-22,train,66,0,0.0,0.0,0.088896
2026-01-23,train,65,0,0.0,0.0,0.070969
2026-01-24,train,66,0,0.0,0.0,0.082852
2026-01-25,train,66,0,0.0,0.0,0.065781
2026-01-26,train,65,0,0.0,0.0,0.064835
2026-01-27,train,66,0,0.0,0.0,0.119992
2026-01-28,train,65,0,0.0,0.0,0.064614
2026-01-29,train,66,0,0.0,0.0,0.124239
2026-01-30,train,65,0,0.0,0.0,0.057158
2026-01-31,train,66,6,9.09,0.000405,0.12134
2026-02-01,train,66,7,10.61,0.000558,0.051321
2026-02-02,train,65,12,18.46,0.001201,0.117427
2026-02-03,train,66,12,18.18,0.001369,0.074065
2026-02-04,train,65,12,18.46,0.001638,0.107801
2026-02-05,train,66,14,21.21,0.001382,0.094291
2026-02-06,train,65,8,12.31,0.000624,0.115044
2026-02-07,train,66,0,0.0,0.0,0.083704
2026-02-08,train,66,0,0.0,0.0,0.034127
2026-02-09,train,65,0,0.0,0.0,0.121782
2026-02-10,train,66,0,0.0,0.0,0.075503
2026-02-11,train,65,0,0.0,0.0,0.069363
2026-02-12,train,66,0,0.0,0.0,0.056162
2026-02-13,train,65,0,0.0,0.0,0.114725
2026-02-14,train,66,3,4.55,9.3e-05,0.084764
2026-02-15,train,66,0,0.0,0.0,0.088234
2026-02-16,train,65,4,6.15,0.000223,0.115426
2026-02-17,train,66,6,9.09,0.000264,0.079598
2026-02-18,train,65,3,4.62,0.000407,0.107775
2026-02-19,train,66,4,6.06,0.000349,0.07386
2026-02-20,train,65,8,12.31,0.000789,0.083605
2026-02-21,train,66,10,15.15,0.000977,0.091242
2026-02-22,train,66,3,4.55,0.000227,0.044728
2026-02-23,train,65,12,18.46,0.001347,0.168536
2026-02-24,train,66,8,12.12,0.000453,0.090729
2026-02-25,train,65,3,4.62,0.000228,0.067096
2026-02-26,train,66,0,0.0,0.0,0.077459
2026-02-27,train,65,3,4.62,0.0002,0.058583
2026-02-28,train,66,0,0.0,0.0,0.088076
2026-03-01,train,66,1,1.52,6.6e-05,0.091675
2026-03-02,train,65,1,1.54,3.9e-05,0.093808
2026-03-03,train,66,1,1.52,3.9e-05,0.061414
2026-03-04,train,65,2,3.08,0.000122,0.075316
2026-03-05,train,66,3,4.55,0.000248,0.104422
2026-03-06,train,65,2,3.08,8.9e-05,0.084822
2026-03-07,train,66,3,4.55,0.000173,0.127822
2026-03-08,train,66,2,3.03,0.000352,0.051722
2026-03-09,train,65,13,20.0,0.002899,0.095201
2026-03-10,train,66,12,18.18,0.003548,0.082096
2026-03-11,train,65,8,12.31,0.002879,0.060192
2026-03-12,train,66,5,7.58,0.001447,0.051675
2026-03-13,train,65,10,15.38,0.004148,0.065876
2026-03-14,train,66,1,1.52,6e-05,0.065212
2026-03-15,train,66,0,0.0,0.0,0.098199
2026-03-16,train,65,1,1.54,6.1e-05,0.090797
2026-03-17,train,66,0,0.0,0.0,0.08691
2026-03-18,train,65,4,6.15,0.000244,0.092159
2026-03-19,train,66,5,7.58,0.000734,0.070891
2026-03-20,train,65,4,6.15,0.000842,0.109161
2026-03-21,train,66,10,15.15,0.001305,0.087663
2026-03-22,train,66,6,9.09,0.000753,0.082457
2026-03-23,train,65,5,7.69,0.000706,0.086729
2026-03-24,train,66,6,9.09,0.000907,0.073147
2026-03-25,train,65,6,9.23,0.000686,0.076685
2026-03-26,train,66,7,10.61,0.000527,0.059522
2026-03-27,train,65,7,10.77,0.000657,0.060207
2026-03-28,train,66,4,6.06,0.000229,0.05008
2026-03-29,train,66,1,1.52,0.000156,0.089555
2026-03-30,train,65,0,0.0,0.0,0.132093
2026-03-31,train,66,0,0.0,0.0,0.090127
2026-04-01,train,65,2,3.08,0.00018,0.096749
2026-04-02,train,66,3,4.55,0.000205,0.065411
2026-04-03,train,65,8,12.31,0.000418,0.127431
2026-04-04,train,66,4,6.06,0.000265,0.092933
2026-04-05,train,66,3,4.55,0.000296,0.060926
2026-04-06,train,65,0,0.0,0.0,0.079048
2026-04-07,train,66,2,3.03,9.4e-05,0.134138
2026-04-08,train,65,0,0.0,0.0,0.096281
2026-04-09,train,66,0,0.0,0.0,0.071078
2026-04-10,train,65,0,0.0,0.0,0.091302
2026-04-14,val,2188,684,31.26,0.002746,0.414795
2026-04-15,val,2187,580,26.52,0.002325,0.415819
2026-04-16,val,2187,552,25.24,0.001867,0.4113
2026-04-17,val,2187,739,33.79,0.003082,0.414742
2026-04-21,test,2188,603,27.56,0.002132,0.411683
2026-04-22,test,2187,659,30.13,0.003187,0.413908
2026-04-23,test,2187,515,23.55,0.001751,0.410775
2026-04-24,test,2187,778,35.57,0.003371,0.418097
