lot,date,feature,mean_shap
1,2025-10-01,Column_130,0.047196047586070246
2,2025-10-02,Column_130,0.04501099140400598
3,2025-10-04,Column_130,0.050372762220642776
4,2025-10-05,Column_130,0.05391942158355975
5,2025-10-07,Column_130,0.04810172863726331
6,2025-10-09,Column_130,0.04971419241630797
7,2025-10-10,Column_130,0.046858185160055854
8,2025-10-12,Column_130,0.042084547218851874
9,2025-10-13,Column_130,0.04939453988713528
10,2025-10-15,Column_130,0.051856404350889986
11,2025-10-17,Column_130,0.044008431978744274
12,2025-10-18,Column_130,0.04777710903910377
13,2025-10-20,Column_130,0.050993880221769074
14,2025-10-21,Column_130,0.05116824778635731
15,2025-10-23,Column_130,0.045562786621475754
16,2025-10-25,Column_130,0.04885830025136148
17,2025-10-26,Column_130,0.047257318154184824
18,2025-10-28,Column_130,0.04339323754949659
19,2025-10-29,Column_130,0.04228498265236014
20,2025-10-31,Column_130,0.05068434921093291
21,2025-11-02,Column_130,0.043569663557122856
22,2025-11-03,Column_130,0.04630885870477637
23,2025-11-05,Column_130,0.043562213234046965
24,2025-11-06,Column_130,0.04755805681915466
25,2025-11-08,Column_130,0.0431763961554344
26,2025-11-10,Column_130,0.04813882870353532
27,2025-11-11,Column_130,0.05132222531700868
28,2025-11-13,Column_130,0.042628130866815495
29,2025-11-15,Column_130,0.04734448325733393
30,2025-11-15,Column_130,0.04671487156504202
31,2025-11-16,Column_130,0.04972368334432323
32,2025-11-16,Column_130,0.0497217689808939
33,2025-11-17,Column_130,0.046662262117389885
34,2025-11-17,Column_130,0.04770364878448542
35,2025-11-18,Column_130,0.04328268904603607
36,2025-11-18,Column_130,0.04068188278942476
37,2025-11-19,Column_130,0.048402750909086974
38,2025-11-19,Column_130,0.04948741738121699
39,2025-11-20,Column_130,0.041194245588952454
40,2025-11-20,Column_130,0.04715014415777016
41,2025-11-21,Column_130,0.049687448278866675
42,2025-11-21,Column_130,0.04603518546321483
43,2025-11-22,Column_130,0.04632865896253592
44,2025-11-23,Column_130,0.045831723603603707
45,2025-11-23,Column_130,0.049165384290973356
46,2025-11-24,Column_130,0.04598040639174643
47,2025-11-24,Column_130,0.044083940445158135
48,2025-11-25,Column_130,0.05142452429837569
49,2025-11-25,Column_130,0.048916285557146964
50,2025-11-26,Column_130,0.04603673100744655
51,2025-11-26,Column_130,0.04589931561547254
52,2025-11-27,Column_130,0.046693945196409015
53,2025-11-27,Column_130,0.04650810268915797
54,2025-11-28,Column_130,0.04672224752059945
55,2025-11-28,Column_130,0.04733344855297403
56,2025-11-29,Column_130,0.045388549738293364
1,2025-10-01,Column_269,-0.09685314548568051
2,2025-10-02,Column_269,-0.09760012210351515
3,2025-10-04,Column_269,-0.09614490745221732
4,2025-10-05,Column_269,-0.09646710752905154
5,2025-10-07,Column_269,-0.0961768745123357
6,2025-10-09,Column_269,-0.09719798794372388
7,2025-10-10,Column_269,-0.09582764788730401
8,2025-10-12,Column_269,-0.09473927689805488
9,2025-10-13,Column_269,-0.09753283030342993
10,2025-10-15,Column_269,-0.09691976830743886
11,2025-10-17,Column_269,-0.0976578103274842
12,2025-10-18,Column_269,-0.09698501127269822
13,2025-10-20,Column_269,-0.09659149319450834
14,2025-10-21,Column_269,-0.09756252832577911
15,2025-10-23,Column_269,-0.09722158639697188
16,2025-10-25,Column_269,-0.09563653786811217
17,2025-10-26,Column_269,-0.09622686031878092
18,2025-10-28,Column_269,-0.09701537491151307
19,2025-10-29,Column_269,-0.09581793820510727
20,2025-10-31,Column_269,-0.09673653365924133
21,2025-11-02,Column_269,-0.09537554911917284
22,2025-11-03,Column_269,-0.09639784226515842
23,2025-11-05,Column_269,-0.0975042630128994
24,2025-11-06,Column_269,-0.09616235116274617
25,2025-11-08,Column_269,-0.09506254508623808
26,2025-11-10,Column_269,-0.09750555592653194
27,2025-11-11,Column_269,-0.0961328122528249
28,2025-11-13,Column_269,-0.09657880967923389
29,2025-11-15,Column_269,-0.09678031134194791
30,2025-11-15,Column_269,-0.09759866563928989
31,2025-11-16,Column_269,-0.09617457438096907
32,2025-11-16,Column_269,-0.09678534372953398
33,2025-11-17,Column_269,-0.09588132329768323
34,2025-11-17,Column_269,-0.09692472444443341
35,2025-11-18,Column_269,-0.09580417475983329
36,2025-11-18,Column_269,-0.09461868736352128
37,2025-11-19,Column_269,-0.09743643861685668
38,2025-11-19,Column_269,-0.09684760152558752
39,2025-11-20,Column_269,-0.09789508335964753
40,2025-11-20,Column_269,-0.09698023113708426
41,2025-11-21,Column_269,-0.09669520527075805
42,2025-11-21,Column_269,-0.09758373830626005
43,2025-11-22,Column_269,-0.0972059994831182
44,2025-11-23,Column_269,-0.09574971119016608
45,2025-11-23,Column_269,-0.09638180183898518
46,2025-11-24,Column_269,-0.09708345483139602
47,2025-11-24,Column_269,-0.09581787831779912
48,2025-11-25,Column_269,-0.09545372091791138
49,2025-11-25,Column_269,-0.0953028315339676
50,2025-11-26,Column_269,-0.09621841892148134
51,2025-11-26,Column_269,-0.09744952023665092
52,2025-11-27,Column_269,-0.09644693317262894
53,2025-11-27,Column_269,-0.09521761724333459
54,2025-11-28,Column_269,-0.09750535974124366
55,2025-11-28,Column_269,-0.09629987537035073
56,2025-11-29,Column_269,-0.09672023003727466
1,2025-10-01,Column_288,-0.05298879451849647
2,2025-10-02,Column_288,-0.053924186747053904
3,2025-10-04,Column_288,-0.051368240379961405
4,2025-10-05,Column_288,-0.052048065596706945
5,2025-10-07,Column_288,-0.0521094915300862
6,2025-10-09,Column_288,-0.052566944687711704
7,2025-10-10,Column_288,-0.05157026283580185
8,2025-10-12,Column_288,-0.050091907125289804
9,2025-10-13,Column_288,-0.05273901274661957
10,2025-10-15,Column_288,-0.05212339756475331
11,2025-10-17,Column_288,-0.05388538045339682
12,2025-10-18,Column_288,-0.052707785377500274
13,2025-10-20,Column_288,-0.052773580299952744
14,2025-10-21,Column_288,-0.05290665371450853
15,2025-10-23,Column_288,-0.05314139771139416
16,2025-10-25,Column_288,-0.051415200473579975
17,2025-10-26,Column_288,-0.05160556491514084
18,2025-10-28,Column_288,-0.05356696777405611
19,2025-10-29,Column_288,-0.051533848525250836
20,2025-10-31,Column_288,-0.05303460001141123
21,2025-11-02,Column_288,-0.05130578222092287
22,2025-11-03,Column_288,-0.05217862292930166
23,2025-11-05,Column_288,-0.05397586137398003
24,2025-11-06,Column_288,-0.051916162666642264
25,2025-11-08,Column_288,-0.05019304616314577
26,2025-11-10,Column_288,-0.054131740606786244
27,2025-11-11,Column_288,-0.05209032066610071
28,2025-11-13,Column_288,-0.052950521987588414
29,2025-11-15,Column_288,-0.05313745924721392
30,2025-11-15,Column_288,-0.05388145485271762
31,2025-11-16,Column_288,-0.051459335774151044
32,2025-11-16,Column_288,-0.052577931690489105
33,2025-11-17,Column_288,-0.05188440769644519
34,2025-11-17,Column_288,-0.05240367817813243
35,2025-11-18,Column_288,-0.05148292391035417
36,2025-11-18,Column_288,-0.05016155815457897
37,2025-11-19,Column_288,-0.05259113083306259
38,2025-11-19,Column_288,-0.052387027587075426
39,2025-11-20,Column_288,-0.05417081304451644
40,2025-11-20,Column_288,-0.05255413012384811
41,2025-11-21,Column_288,-0.05282153982613277
42,2025-11-21,Column_288,-0.05331407798040732
43,2025-11-22,Column_288,-0.05305495152517686
44,2025-11-23,Column_288,-0.05160964640261704
45,2025-11-23,Column_288,-0.051857090060756866
46,2025-11-24,Column_288,-0.05349001445407142
47,2025-11-24,Column_288,-0.05135926386063712
48,2025-11-25,Column_288,-0.052001422663666565
49,2025-11-25,Column_288,-0.050803973905383625
50,2025-11-26,Column_288,-0.052123664520685765
51,2025-11-26,Column_288,-0.05365095975682386
52,2025-11-27,Column_288,-0.05221920044224659
53,2025-11-27,Column_288,-0.05029726712397979
54,2025-11-28,Column_288,-0.05436379075975055
55,2025-11-28,Column_288,-0.05222724687146346
56,2025-11-29,Column_288,-0.0527411722939919
1,2025-10-01,Column_289,-0.05632624686206704
2,2025-10-02,Column_289,-0.056993399503314335
3,2025-10-04,Column_289,-0.054608784928749966
4,2025-10-05,Column_289,-0.055145839385606354
5,2025-10-07,Column_289,-0.055689541972536546
6,2025-10-09,Column_289,-0.05586188604063287
7,2025-10-10,Column_289,-0.05484788709508207
8,2025-10-12,Column_289,-0.05343109176465728
9,2025-10-13,Column_289,-0.05595581791320635
10,2025-10-15,Column_289,-0.055036121915604454
11,2025-10-17,Column_289,-0.05791379954804453
12,2025-10-18,Column_289,-0.05592081947902243
13,2025-10-20,Column_289,-0.0558685738399826
14,2025-10-21,Column_289,-0.056285778750408945
15,2025-10-23,Column_289,-0.0567454166925242
16,2025-10-25,Column_289,-0.055133028567555524
17,2025-10-26,Column_289,-0.054988422102982444
18,2025-10-28,Column_289,-0.05755349398141149
19,2025-10-29,Column_289,-0.05528736127160496
20,2025-10-31,Column_289,-0.05670499615105793
21,2025-11-02,Column_289,-0.05490960400659633
22,2025-11-03,Column_289,-0.05600053398436465
23,2025-11-05,Column_289,-0.057820018460049555
24,2025-11-06,Column_289,-0.055017975146194976
25,2025-11-08,Column_289,-0.05322827948669461
26,2025-11-10,Column_289,-0.058009471094244314
27,2025-11-11,Column_289,-0.0562868225235175
28,2025-11-13,Column_289,-0.05602999649857101
29,2025-11-15,Column_289,-0.05642308504610151
30,2025-11-15,Column_289,-0.05699245387182399
31,2025-11-16,Column_289,-0.054753163826237065
32,2025-11-16,Column_289,-0.05567236305300157
33,2025-11-17,Column_289,-0.055522330787861854
34,2025-11-17,Column_289,-0.05559653713508446
35,2025-11-18,Column_289,-0.054791025227283664
36,2025-11-18,Column_289,-0.053473348330942146
37,2025-11-19,Column_289,-0.05579306377037728
38,2025-11-19,Column_289,-0.055387055885977976
39,2025-11-20,Column_289,-0.058171727300305294
40,2025-11-20,Column_289,-0.05581955108444018
41,2025-11-21,Column_289,-0.05595859294042996
42,2025-11-21,Column_289,-0.05662001412465976
43,2025-11-22,Column_289,-0.05659072450680585
44,2025-11-23,Column_289,-0.05524134449677051
45,2025-11-23,Column_289,-0.055204041516793194
46,2025-11-24,Column_289,-0.0573943262143682
47,2025-11-24,Column_289,-0.05518345987460361
48,2025-11-25,Column_289,-0.055541706120883
49,2025-11-25,Column_289,-0.054569546317532865
50,2025-11-26,Column_289,-0.05586968074462875
51,2025-11-26,Column_289,-0.05742780729141777
52,2025-11-27,Column_289,-0.05537128963328874
53,2025-11-27,Column_289,-0.0533729739698566
54,2025-11-28,Column_289,-0.058177837197658955
55,2025-11-28,Column_289,-0.05624334414741765
56,2025-11-29,Column_289,-0.05592486473486218
1,2025-10-01,Column_296,-0.06438957812679179
2,2025-10-02,Column_296,-0.06455544517846841
3,2025-10-04,Column_296,-0.0626245958732676
4,2025-10-05,Column_296,-0.06299464964068889
5,2025-10-07,Column_296,-0.06366792489152821
6,2025-10-09,Column_296,-0.06412853465946292
7,2025-10-10,Column_296,-0.06257180125446438
8,2025-10-12,Column_296,-0.06174985337873871
9,2025-10-13,Column_296,-0.06403334761021619
10,2025-10-15,Column_296,-0.0633628846565634
11,2025-10-17,Column_296,-0.06477448999842132
12,2025-10-18,Column_296,-0.0635420567170122
13,2025-10-20,Column_296,-0.06362477332500163
14,2025-10-21,Column_296,-0.06412948090345574
15,2025-10-23,Column_296,-0.06439320139266821
16,2025-10-25,Column_296,-0.06370271000682096
17,2025-10-26,Column_296,-0.0628446640933935
18,2025-10-28,Column_296,-0.06505315816023627
19,2025-10-29,Column_296,-0.06282443148958777
20,2025-10-31,Column_296,-0.06472473772165635
21,2025-11-02,Column_296,-0.06291739063920404
22,2025-11-03,Column_296,-0.06416399758999998
23,2025-11-05,Column_296,-0.0652715305749445
24,2025-11-06,Column_296,-0.06349449205147092
25,2025-11-08,Column_296,-0.06169437966699485
26,2025-11-10,Column_296,-0.06575667175957697
27,2025-11-11,Column_296,-0.06430621581264492
28,2025-11-13,Column_296,-0.06354349790804312
29,2025-11-15,Column_296,-0.06438881239484251
30,2025-11-15,Column_296,-0.06455969145165309
31,2025-11-16,Column_296,-0.06269784997003877
32,2025-11-16,Column_296,-0.06339523342237241
33,2025-11-17,Column_296,-0.06353232741408586
34,2025-11-17,Column_296,-0.0637661890278956
35,2025-11-18,Column_296,-0.06261777046005651
36,2025-11-18,Column_296,-0.06166058462566931
37,2025-11-19,Column_296,-0.06390745308711003
38,2025-11-19,Column_296,-0.06357063147234346
39,2025-11-20,Column_296,-0.06493769899200152
40,2025-11-20,Column_296,-0.06348024277565313
41,2025-11-21,Column_296,-0.06368929552153373
42,2025-11-21,Column_296,-0.06427912160655333
43,2025-11-22,Column_296,-0.0643142130448635
44,2025-11-23,Column_296,-0.06380254802073215
45,2025-11-23,Column_296,-0.06308705440844391
46,2025-11-24,Column_296,-0.06511316758214201
47,2025-11-24,Column_296,-0.06268435113047063
48,2025-11-25,Column_296,-0.06396353603237809
49,2025-11-25,Column_296,-0.06253335096818102
50,2025-11-26,Column_296,-0.06406596069816124
51,2025-11-26,Column_296,-0.06502447235550908
52,2025-11-27,Column_296,-0.06376519266867763
53,2025-11-27,Column_296,-0.0618171192982154
54,2025-11-28,Column_296,-0.06574613254302744
55,2025-11-28,Column_296,-0.06429103909348381
56,2025-11-29,Column_296,-0.06355906913285775
1,2025-10-01,Column_351,0.054685481187658085
2,2025-10-02,Column_351,0.05422413094536439
3,2025-10-04,Column_351,0.05393305910880681
4,2025-10-05,Column_351,0.05411545311189823
5,2025-10-07,Column_351,0.05422392535915237
6,2025-10-09,Column_351,0.05435055505218231
7,2025-10-10,Column_351,0.053654999054080714
8,2025-10-12,Column_351,0.054181655105113004
9,2025-10-13,Column_351,0.0550636277025159
10,2025-10-15,Column_351,0.05463383009408581
11,2025-10-17,Column_351,0.05475013649013327
12,2025-10-18,Column_351,0.0540453061528044
13,2025-10-20,Column_351,0.05440289508809275
14,2025-10-21,Column_351,0.054517878464904836
15,2025-10-23,Column_351,0.054655086771441964
16,2025-10-25,Column_351,0.05468508994592134
17,2025-10-26,Column_351,0.05425660621236804
18,2025-10-28,Column_351,0.05434704376756543
19,2025-10-29,Column_351,0.05469455032006604
20,2025-10-31,Column_351,0.054546234676796805
21,2025-11-02,Column_351,0.05390879764896188
22,2025-11-03,Column_351,0.054118706278126275
23,2025-11-05,Column_351,0.05422422430159886
24,2025-11-06,Column_351,0.0544862961183892
25,2025-11-08,Column_351,0.05427370398297306
26,2025-11-10,Column_351,0.054363034896166326
27,2025-11-11,Column_351,0.05391203667862959
28,2025-11-13,Column_351,0.0543598071572751
29,2025-11-15,Column_351,0.05466609742596373
30,2025-11-15,Column_351,0.05423499903612509
31,2025-11-16,Column_351,0.05381549666411436
32,2025-11-16,Column_351,0.05415544471502552
33,2025-11-17,Column_351,0.054202635296690706
34,2025-11-17,Column_351,0.05437060436477033
35,2025-11-18,Column_351,0.05353433142430895
36,2025-11-18,Column_351,0.05404480566577251
37,2025-11-19,Column_351,0.05489792976527997
38,2025-11-19,Column_351,0.054643939964389064
39,2025-11-20,Column_351,0.054744580567154526
40,2025-11-20,Column_351,0.05388750679302736
41,2025-11-21,Column_351,0.05439105029733564
42,2025-11-21,Column_351,0.05447566338875528
43,2025-11-22,Column_351,0.0546480367414419
44,2025-11-23,Column_351,0.054563568681997326
45,2025-11-23,Column_351,0.05423264533383489
46,2025-11-24,Column_351,0.05426164366329835
47,2025-11-24,Column_351,0.054299159086379334
48,2025-11-25,Column_351,0.054601437683241986
49,2025-11-25,Column_351,0.053808672312608115
50,2025-11-26,Column_351,0.05398235048479896
51,2025-11-26,Column_351,0.05416801146501022
52,2025-11-27,Column_351,0.0545230677768245
53,2025-11-27,Column_351,0.05425802594166571
54,2025-11-28,Column_351,0.054483829677564974
55,2025-11-28,Column_351,0.05378243275646302
56,2025-11-29,Column_351,0.05443079704281535
1,2025-10-01,Column_632,-0.06288770227478736
2,2025-10-02,Column_632,-0.06303014039418123
3,2025-10-04,Column_632,-0.062304870133290384
4,2025-10-05,Column_632,-0.06247084189487243
5,2025-10-07,Column_632,-0.06148228575940803
6,2025-10-09,Column_632,-0.06313338802801917
7,2025-10-10,Column_632,-0.06268524573991754
8,2025-10-12,Column_632,-0.06117885172990564
9,2025-10-13,Column_632,-0.062226440925928134
10,2025-10-15,Column_632,-0.06239586035561997
11,2025-10-17,Column_632,-0.06303882796775455
12,2025-10-18,Column_632,-0.06284084557794253
13,2025-10-20,Column_632,-0.06268238900168416
14,2025-10-21,Column_632,-0.06290405653513077
15,2025-10-23,Column_632,-0.0632452273001779
16,2025-10-25,Column_632,-0.062300991727459294
17,2025-10-26,Column_632,-0.06270728941695884
18,2025-10-28,Column_632,-0.0636710038974944
19,2025-10-29,Column_632,-0.06124757717405036
20,2025-10-31,Column_632,-0.0620405777066804
21,2025-11-02,Column_632,-0.062199914139955216
22,2025-11-03,Column_632,-0.0634753830211824
23,2025-11-05,Column_632,-0.06319667110932638
24,2025-11-06,Column_632,-0.06188164187089646
25,2025-11-08,Column_632,-0.06177152523716104
26,2025-11-10,Column_632,-0.0630917624701151
27,2025-11-11,Column_632,-0.06326513346434381
28,2025-11-13,Column_632,-0.06255601749740153
29,2025-11-15,Column_632,-0.06302710454049207
30,2025-11-15,Column_632,-0.06310370765205593
31,2025-11-16,Column_632,-0.06241282124867516
32,2025-11-16,Column_632,-0.06253123733621534
33,2025-11-17,Column_632,-0.06173767131936032
34,2025-11-17,Column_632,-0.0629190604882831
35,2025-11-18,Column_632,-0.0625959238936437
36,2025-11-18,Column_632,-0.061320675276773214
37,2025-11-19,Column_632,-0.06209923616148897
38,2025-11-19,Column_632,-0.06257563989436156
39,2025-11-20,Column_632,-0.06308152543497256
40,2025-11-20,Column_632,-0.06310182881169543
41,2025-11-21,Column_632,-0.06277355632428205
42,2025-11-21,Column_632,-0.06309039817551343
43,2025-11-22,Column_632,-0.06318131517959731
44,2025-11-23,Column_632,-0.06234238707235574
45,2025-11-23,Column_632,-0.06260733160002616
46,2025-11-24,Column_632,-0.0633256133205542
47,2025-11-24,Column_632,-0.06154663011551343
48,2025-11-25,Column_632,-0.06202743147803237
49,2025-11-25,Column_632,-0.06194960724177581
50,2025-11-26,Column_632,-0.06335803150067995
51,2025-11-26,Column_632,-0.06298198084552496
52,2025-11-27,Column_632,-0.061929833889073346
53,2025-11-27,Column_632,-0.06179045171884619
54,2025-11-28,Column_632,-0.0629266938895912
55,2025-11-28,Column_632,-0.06347649871018
56,2025-11-29,Column_632,-0.06239958234761128
1,2025-10-01,Column_638,-0.07539650277666973
2,2025-10-02,Column_638,-0.07510354927602875
3,2025-10-04,Column_638,-0.07535119594637786
4,2025-10-05,Column_638,-0.07541089939515745
5,2025-10-07,Column_638,-0.07559232216824881
6,2025-10-09,Column_638,-0.07515127518123223
7,2025-10-10,Column_638,-0.07547814147424024
8,2025-10-12,Column_638,-0.07540353830415218
9,2025-10-13,Column_638,-0.0753716837269985
10,2025-10-15,Column_638,-0.07533258404182482
11,2025-10-17,Column_638,-0.07522839433715763
12,2025-10-18,Column_638,-0.0754714817148185
13,2025-10-20,Column_638,-0.07546379746845898
14,2025-10-21,Column_638,-0.07540535813503892
15,2025-10-23,Column_638,-0.0752293910013425
16,2025-10-25,Column_638,-0.07595813300285915
17,2025-10-26,Column_638,-0.07540672373273587
18,2025-10-28,Column_638,-0.0755689814777215
19,2025-10-29,Column_638,-0.07628892930040612
20,2025-10-31,Column_638,-0.07552112021256743
21,2025-11-02,Column_638,-0.07589884539315007
22,2025-11-03,Column_638,-0.07558635928396253
23,2025-11-05,Column_638,-0.07555832101853771
24,2025-11-06,Column_638,-0.07558004151976358
25,2025-11-08,Column_638,-0.07533436759068747
26,2025-11-10,Column_638,-0.07548051778515102
27,2025-11-11,Column_638,-0.07538369518836625
28,2025-11-13,Column_638,-0.07543421067119453
29,2025-11-15,Column_638,-0.07550609650431504
30,2025-11-15,Column_638,-0.07519758618137234
31,2025-11-16,Column_638,-0.07535437649269518
32,2025-11-16,Column_638,-0.07533844373000431
33,2025-11-17,Column_638,-0.07563381200458033
34,2025-11-17,Column_638,-0.07518915531311603
35,2025-11-18,Column_638,-0.07537513027785635
36,2025-11-18,Column_638,-0.07539593068058192
37,2025-11-19,Column_638,-0.07526857350879355
38,2025-11-19,Column_638,-0.07532620026660833
39,2025-11-20,Column_638,-0.07518614878559461
40,2025-11-20,Column_638,-0.07551477790996723
41,2025-11-21,Column_638,-0.07544865097967886
42,2025-11-21,Column_638,-0.07535656952557424
43,2025-11-22,Column_638,-0.07529584759492855
44,2025-11-23,Column_638,-0.07597515358675051
45,2025-11-23,Column_638,-0.0754992818690965
46,2025-11-24,Column_638,-0.07556826744249617
47,2025-11-24,Column_638,-0.07632540860545543
48,2025-11-25,Column_638,-0.07563589554062151
49,2025-11-25,Column_638,-0.07590369684841132
50,2025-11-26,Column_638,-0.07549970338368163
51,2025-11-26,Column_638,-0.07548959150860461
52,2025-11-27,Column_638,-0.07550145532325629
53,2025-11-27,Column_638,-0.07535630746822687
54,2025-11-28,Column_638,-0.0754113247828328
55,2025-11-28,Column_638,-0.07541815803162454
56,2025-11-29,Column_638,-0.07539722665556464
1,2025-10-01,Column_642,-0.045241077206126606
2,2025-10-02,Column_642,-0.04561205646148454
3,2025-10-04,Column_642,-0.04531215103910357
4,2025-10-05,Column_642,-0.04524616471556085
5,2025-10-07,Column_642,-0.045176151232644464
6,2025-10-09,Column_642,-0.04542350132151263
7,2025-10-10,Column_642,-0.0452885922854836
8,2025-10-12,Column_642,-0.04509404153380828
9,2025-10-13,Column_642,-0.04552194289101585
10,2025-10-15,Column_642,-0.04542115252841488
11,2025-10-17,Column_642,-0.0456273331130065
12,2025-10-18,Column_642,-0.045365388676805674
13,2025-10-20,Column_642,-0.045625428543758464
14,2025-10-21,Column_642,-0.04549451198606281
15,2025-10-23,Column_642,-0.04525612634074195
16,2025-10-25,Column_642,-0.04493498958685079
17,2025-10-26,Column_642,-0.04533285825439654
18,2025-10-28,Column_642,-0.04534934195405434
19,2025-10-29,Column_642,-0.045112350403147365
20,2025-10-31,Column_642,-0.045025956172192336
21,2025-11-02,Column_642,-0.04501786589316742
22,2025-11-03,Column_642,-0.04489999765122012
23,2025-11-05,Column_642,-0.045261209004913004
24,2025-11-06,Column_642,-0.04512890733409013
25,2025-11-08,Column_642,-0.04513825131060369
26,2025-11-10,Column_642,-0.045228231578765245
27,2025-11-11,Column_642,-0.045052328152006105
28,2025-11-13,Column_642,-0.04550327594467532
29,2025-11-15,Column_642,-0.04530789902644577
30,2025-11-15,Column_642,-0.045653031556251965
31,2025-11-16,Column_642,-0.0453215426685953
32,2025-11-16,Column_642,-0.04531101447545202
33,2025-11-17,Column_642,-0.045093655139432406
34,2025-11-17,Column_642,-0.04546279449716512
35,2025-11-18,Column_642,-0.04521826705234774
36,2025-11-18,Column_642,-0.04509644245082297
37,2025-11-19,Column_642,-0.04533821485874683
38,2025-11-19,Column_642,-0.04544445068152868
39,2025-11-20,Column_642,-0.04564208023723154
40,2025-11-20,Column_642,-0.045381421685362876
41,2025-11-21,Column_642,-0.04560628785599265
42,2025-11-21,Column_642,-0.045542082772584515
43,2025-11-22,Column_642,-0.04534683738158775
44,2025-11-23,Column_642,-0.04493866172437507
45,2025-11-23,Column_642,-0.04530427536062837
46,2025-11-24,Column_642,-0.04533559574487963
47,2025-11-24,Column_642,-0.04516603609114958
48,2025-11-25,Column_642,-0.045060451264149474
49,2025-11-25,Column_642,-0.044948835019623976
50,2025-11-26,Column_642,-0.04495311290031379
51,2025-11-26,Column_642,-0.04519888931802704
52,2025-11-27,Column_642,-0.04511376599259983
53,2025-11-27,Column_642,-0.04511884698063582
54,2025-11-28,Column_642,-0.04525522425241989
55,2025-11-28,Column_642,-0.04514855964875426
56,2025-11-29,Column_642,-0.04540260188807949
1,2025-10-01,Column_643,-0.06999158768324447
2,2025-10-02,Column_643,-0.06977444759342655
3,2025-10-04,Column_643,-0.07082575838378449
4,2025-10-05,Column_643,-0.07119293838754723
5,2025-10-07,Column_643,-0.07040632206122209
6,2025-10-09,Column_643,-0.07057384706181652
7,2025-10-10,Column_643,-0.07103963078590228
8,2025-10-12,Column_643,-0.07106803156264171
9,2025-10-13,Column_643,-0.06986797735262135
10,2025-10-15,Column_643,-0.07030993515067378
11,2025-10-17,Column_643,-0.06946676640764232
12,2025-10-18,Column_643,-0.07096952942859296
13,2025-10-20,Column_643,-0.07035790639407291
14,2025-10-21,Column_643,-0.07037756488516701
15,2025-10-23,Column_643,-0.07103438563518222
16,2025-10-25,Column_643,-0.07036706821985711
17,2025-10-26,Column_643,-0.07098780020992107
18,2025-10-28,Column_643,-0.07014066938503573
19,2025-10-29,Column_643,-0.07061427122930107
20,2025-10-31,Column_643,-0.0696798375158113
21,2025-11-02,Column_643,-0.07102836077850468
22,2025-11-03,Column_643,-0.07075031450961201
23,2025-11-05,Column_643,-0.06999313420958192
24,2025-11-06,Column_643,-0.07017058275964877
25,2025-11-08,Column_643,-0.07109337519770619
26,2025-11-10,Column_643,-0.0697996483303778
27,2025-11-11,Column_643,-0.07059632692251329
28,2025-11-13,Column_643,-0.06981615716151966
29,2025-11-15,Column_643,-0.06999720587671442
30,2025-11-15,Column_643,-0.06978947582193826
31,2025-11-16,Column_643,-0.07082608978439556
32,2025-11-16,Column_643,-0.07092567480916943
33,2025-11-17,Column_643,-0.07048597791261979
34,2025-11-17,Column_643,-0.07058780267496408
35,2025-11-18,Column_643,-0.07105134771295774
36,2025-11-18,Column_643,-0.07104356105690945
37,2025-11-19,Column_643,-0.0700271929149856
38,2025-11-19,Column_643,-0.07033686428012122
39,2025-11-20,Column_643,-0.06951189584996242
40,2025-11-20,Column_643,-0.07128792402672787
41,2025-11-21,Column_643,-0.07041091236423695
42,2025-11-21,Column_643,-0.07032007691622601
43,2025-11-22,Column_643,-0.07106975322323321
44,2025-11-23,Column_643,-0.07035060350582262
45,2025-11-23,Column_643,-0.07088395640975119
46,2025-11-24,Column_643,-0.07017174313360755
47,2025-11-24,Column_643,-0.07103080663500613
48,2025-11-25,Column_643,-0.0701230327852545
49,2025-11-25,Column_643,-0.07125248098378889
50,2025-11-26,Column_643,-0.0707660201378844
51,2025-11-26,Column_643,-0.07012492229682603
52,2025-11-27,Column_643,-0.07019599737129158
53,2025-11-27,Column_643,-0.07112252738805021
54,2025-11-28,Column_643,-0.06955097919679505
55,2025-11-28,Column_643,-0.07045896010482619
56,2025-11-29,Column_643,-0.07008890790705255
