die_x,die_y,pred_a,pred_b,delta,n_a,n_b
12,21,0.00238553,0.00350877,0.00112324,4,1
13,19,0.00259467,0.00224451,-0.00035017,55,16
13,20,0.00262945,0.00182928,-0.00080016,111,42
13,21,0.00268996,0.00216157,-0.00052838,149,47
13,22,0.00271107,0.00185629,-0.00085479,103,38
13,23,0.00259257,0.00216726,-0.00042531,115,25
13,24,0.00270427,0.0021596,-0.00054467,35,17
14,18,0.002541,0.00233224,-0.00020876,114,32
14,19,0.00256338,0.00208921,-0.00047417,150,37
14,20,0.00267333,0.00219359,-0.00047974,151,48
14,21,0.00263084,0.00197413,-0.0006567,135,46
14,22,0.00256312,0.00203309,-0.00053003,144,36
14,23,0.00269182,0.00207243,-0.00061939,137,42
14,24,0.00265575,0.00195581,-0.00069994,126,47
14,25,0.00250105,0.00280271,0.00030165,87,22
15,17,0.0024352,0.00259366,0.00015846,93,27
15,18,0.00259227,0.00190028,-0.00069198,159,41
15,19,0.00258267,0.00201763,-0.00056504,152,43
15,20,0.00266704,0.0018341,-0.00083294,146,41
15,21,0.00257817,0.00215471,-0.00042346,155,44
15,22,0.00275782,0.00207998,-0.00067784,144,39
15,23,0.00253581,0.00193001,-0.0006058,160,40
15,24,0.0027098,0.00210217,-0.00060763,146,41
15,25,0.002738,0.00225378,-0.00048422,151,44
15,26,0.00242939,0.00242995,5.6e-07,84,24
16,16,0.00232522,0.00274175,0.00041653,20,3
16,17,0.00257595,0.00247617,-9.977e-05,149,39
16,18,0.00256436,0.00185577,-0.00070859,171,44
16,19,0.00263619,0.00222268,-0.0004135,141,41
16,20,0.00257988,0.00208524,-0.00049464,167,43
16,21,0.00262667,0.00200971,-0.00061696,134,42
16,22,0.0025583,0.00229587,-0.00026243,156,40
16,23,0.0026686,0.00203238,-0.00063622,146,53
16,24,0.00254494,0.00193109,-0.00061384,135,44
16,25,0.00254084,0.00211751,-0.00042333,138,48
16,26,0.00248916,0.00266379,0.00017463,157,46
17,16,0.00248218,0.00236909,-0.0001131,145,40
17,17,0.00255731,0.00208303,-0.00047427,154,47
17,18,0.0026033,0.00204611,-0.00055719,177,47
17,19,0.00260318,0.0023305,-0.00027268,161,44
17,20,0.00268606,0.00199653,-0.00068953,158,43
17,21,0.00261598,0.00200341,-0.00061257,152,39
17,22,0.00268537,0.00201502,-0.00067035,150,36
17,23,0.0026088,0.00192215,-0.00068666,141,45
17,24,0.00267668,0.00184678,-0.0008299,157,43
17,25,0.00257987,0.00218411,-0.00039577,167,42
17,26,0.00259161,0.00229153,-0.00030008,149,35
17,27,0.00251013,0.00237925,-0.00013088,117,37
18,15,0.00242575,0.00287892,0.00045317,89,20
18,16,0.00251944,0.00209781,-0.00042162,137,35
18,17,0.00255893,0.00223284,-0.00032609,143,38
18,18,0.00256912,0.00184975,-0.00071937,179,43
18,19,0.0027632,0.00193975,-0.00082346,157,39
18,20,0.0026655,0.0019672,-0.0006983,170,46
18,21,0.00264993,0.00207551,-0.00057442,161,41
18,22,0.00258987,0.00228948,-0.00030039,166,39
18,23,0.00259338,0.00193166,-0.00066172,148,44
18,24,0.00262137,0.00200006,-0.0006213,144,50
18,25,0.00264092,0.00215334,-0.00048757,148,41
18,26,0.00258564,0.00189632,-0.00068933,160,45
18,27,0.00270297,0.00187168,-0.00083129,154,37
18,28,0.00240803,0.002198,-0.00021003,71,25
19,15,0.00247596,0.00253334,5.739e-05,150,38
19,16,0.00259109,0.00206923,-0.00052186,159,46
19,17,0.00269966,0.00199785,-0.00070181,163,48
19,18,0.00263595,0.00201927,-0.00061669,184,38
19,19,0.0026043,0.00218276,-0.00042154,161,41
19,20,0.00260012,0.00202446,-0.00057566,170,40
19,21,0.00259425,0.00187534,-0.00071891,166,38
19,22,0.00263458,0.00176812,-0.00086646,155,33
19,23,0.00268968,0.00201836,-0.00067131,146,47
19,24,0.00269571,0.00183063,-0.00086508,169,48
19,25,0.00265913,0.00189581,-0.00076333,161,50
19,26,0.00258256,0.00219976,-0.00038279,165,34
19,27,0.00263262,0.00200758,-0.00062504,158,35
19,28,0.00257193,0.00266487,9.294e-05,143,36
20,14,0.00233867,0.0022852,-5.347e-05,56,19
20,15,0.00253543,0.00203781,-0.00049763,162,43
20,16,0.00248963,0.00213908,-0.00035055,148,41
20,17,0.00262694,0.00218736,-0.00043958,149,40
20,18,0.00264017,0.00185871,-0.00078146,176,43
20,19,0.00272946,0.00187816,-0.0008513,163,37
20,20,0.00271133,0.00210003,-0.0006113,163,45
20,21,0.00262992,0.00203617,-0.00059374,168,40
20,22,0.00271536,0.00213028,-0.00058508,165,45
20,23,0.00260443,0.00192906,-0.00067537,140,42
20,24,0.00264195,0.00198852,-0.00065343,155,46
20,25,0.00267223,0.00211079,-0.00056144,161,35
20,26,0.00266693,0.00198261,-0.00068432,154,44
20,27,0.00260035,0.00196742,-0.00063293,171,49
20,28,0.00261838,0.00210431,-0.00051407,158,42
20,29,0.0023825,0.00236714,-1.537e-05,78,21
21,14,0.00237201,0.00233206,-3.995e-05,151,44
21,15,0.00263355,0.00187243,-0.00076112,164,38
21,16,0.00256608,0.00194635,-0.00061973,157,49
21,17,0.00261197,0.00197332,-0.00063865,159,46
21,18,0.00267085,0.00190255,-0.0007683,168,39
21,19,0.00263435,0.0019025,-0.00073185,168,45
21,20,0.0026045,0.00195493,-0.00064957,164,40
21,21,0.00259489,0.00183564,-0.00075925,157,44
21,22,0.00255156,0.00193158,-0.00061997,154,39
21,23,0.00264221,0.00220704,-0.00043517,157,45
21,24,0.00265936,0.00186622,-0.00079314,168,48
21,25,0.00269446,0.00188462,-0.00080984,151,48
21,26,0.00258023,0.00215661,-0.00042362,169,43
21,27,0.00255645,0.00204569,-0.00051076,160,39
21,28,0.00260333,0.00222462,-0.00037871,170,41
21,29,0.00241512,0.00260382,0.00018871,144,35
22,14,0.00244146,0.00240245,-3.901e-05,153,38
22,15,0.00250115,0.00172521,-0.00077594,156,41
22,16,0.00257122,0.00216753,-0.0004037,154,48
22,17,0.00262329,0.00188118,-0.0007421,160,47
22,18,0.00269879,0.00197091,-0.00072788,165,35
22,19,0.00269878,0.00168089,-0.00101789,147,44
22,20,0.00264826,0.00214895,-0.00049931,166,42
22,21,0.00260371,0.00211781,-0.0004859,161,42
22,22,0.00265237,0.00211719,-0.00053518,166,49
22,23,0.00258473,0.00196713,-0.0006176,152,46
22,24,0.00263186,0.0020922,-0.00053967,163,46
22,25,0.00267219,0.00210897,-0.00056323,160,38
22,26,0.00270572,0.00193207,-0.00077364,174,43
22,27,0.00259435,0.00205044,-0.00054391,177,49
22,28,0.0025917,0.00203236,-0.00055935,160,43
22,29,0.00254644,0.00243738,-0.00010906,162,36
22,30,0.00173287,0.00362002,0.00188715,11,1
23,13,0.00250588,0.00238914,-0.00011674,72,24
23,14,0.00257875,0.00180609,-0.00077266,150,39
23,15,0.00262075,0.00187813,-0.00074261,165,40
23,16,0.00264871,0.00188773,-0.00076098,149,44
23,17,0.00261763,0.0020129,-0.00060473,157,43
23,18,0.00261078,0.00197342,-0.00063736,169,48
23,19,0.00263515,0.00202277,-0.00061238,160,41
23,20,0.00260278,0.00173836,-0.00086442,159,43
23,21,0.00261483,0.00194148,-0.00067335,169,48
23,22,0.00255445,0.00189278,-0.00066167,149,44
23,23,0.00263597,0.00205151,-0.00058445,158,47
23,24,0.00264308,0.00194779,-0.00069529,153,45
23,25,0.00274712,0.00199335,-0.00075377,157,46
23,26,0.00258686,0.0019938,-0.00059306,168,47
23,27,0.00250622,0.00206049,-0.00044573,157,46
23,28,0.0026096,0.00214446,-0.00046514,163,43
23,29,0.00253879,0.00215512,-0.00038367,152,38
23,30,0.00228174,0.00250884,0.0002271,88,16
24,13,0.0024822,0.00251085,2.865e-05,127,35
24,14,0.00249493,0.00196218,-0.00053274,156,39
24,15,0.00254689,0.00201232,-0.00053457,152,41
24,16,0.00252383,0.00208818,-0.00043564,150,33
24,17,0.00256611,0.00192171,-0.0006444,164,51
24,18,0.00265837,0.00202541,-0.00063296,162,32
24,19,0.00261713,0.00180295,-0.00081418,141,42
24,20,0.0027072,0.0019859,-0.0007213,162,42
24,21,0.00259905,0.00204526,-0.00055378,169,43
24,22,0.00270649,0.00218282,-0.00052366,168,48
24,23,0.00258824,0.00191021,-0.00067803,159,43
24,24,0.00265351,0.00211993,-0.00053357,165,43
24,25,0.00265747,0.00200288,-0.00065459,165,41
24,26,0.00269741,0.00190331,-0.0007941,162,43
24,27,0.00263677,0.00216411,-0.00047265,163,47
24,28,0.00261081,0.00199998,-0.00061083,154,45
24,29,0.00252948,0.00204657,-0.0004829,157,45
24,30,0.00247696,0.00238498,-9.198e-05,143,32
25,13,0.00246973,0.00242558,-4.415e-05,152,42
25,14,0.00256531,0.00194811,-0.0006172,155,42
25,15,0.00258793,0.00194791,-0.00064002,174,40
25,16,0.00267283,0.00196286,-0.00070997,151,41
25,17,0.00257513,0.00195078,-0.00062434,165,44
25,18,0.00257787,0.00224943,-0.00032844,163,40
25,19,0.00265348,0.00199871,-0.00065477,166,46
25,20,0.00259292,0.00188151,-0.00071141,156,38
25,21,0.00261934,0.00206913,-0.00055021,165,41
25,22,0.0027423,0.00176954,-0.00097276,153,47
25,23,0.00259739,0.00202726,-0.00057014,159,46
25,24,0.00269268,0.00195185,-0.00074083,170,45
25,25,0.0027825,0.00205243,-0.00073008,159,39
25,26,0.00251137,0.00193135,-0.00058002,153,52
25,27,0.0025079,0.00204234,-0.00046556,152,48
25,28,0.00265228,0.00205653,-0.00059575,165,49
25,29,0.00251401,0.00218842,-0.00032558,146,37
25,30,0.00243238,0.00225023,-0.00018214,157,33
26,12,0.00232095,0.00209447,-0.00022648,26,7
26,13,0.00251855,0.0024068,-0.00011175,161,42
26,14,0.00256995,0.00200463,-0.00056532,158,43
26,15,0.00247325,0.0017585,-0.00071475,160,43
26,16,0.00258952,0.0022492,-0.00034033,155,41
26,17,0.00256614,0.00193025,-0.0006359,176,51
26,18,0.00269237,0.00177734,-0.00091503,163,36
26,19,0.00268993,0.00205789,-0.00063203,151,37
26,20,0.00263226,0.00197149,-0.00066078,164,43
26,21,0.00259666,0.00183392,-0.00076275,170,39
26,22,0.00275185,0.00218523,-0.00056662,153,43
26,23,0.00258585,0.00201242,-0.00057343,148,45
26,24,0.0027047,0.00199285,-0.00071185,157,44
26,25,0.00265676,0.0021458,-0.00051096,164,37
26,26,0.00267161,0.00195894,-0.00071268,149,44
26,27,0.00263609,0.00195482,-0.00068127,150,46
26,28,0.00266547,0.00189335,-0.00077212,149,41
26,29,0.00265541,0.00212387,-0.00053154,159,44
26,30,0.00246118,0.00234007,-0.00012111,148,43
26,31,0.00231506,0.00268063,0.00036557,18,5
27,12,0.00234194,0.00261418,0.00027225,104,28
27,13,0.00259169,0.00208636,-0.00050533,150,38
27,14,0.00266951,0.00185809,-0.00081142,146,51
27,15,0.00255811,0.00201259,-0.00054552,173,42
27,16,0.00260692,0.00201253,-0.00059438,151,42
27,17,0.00247459,0.00207384,-0.00040076,177,39
27,18,0.00257658,0.00199264,-0.00058394,159,42
27,19,0.00256366,0.00189475,-0.00066891,155,39
27,20,0.00264307,0.00199418,-0.00064888,160,38
27,21,0.00260746,0.0022038,-0.00040366,157,34
27,22,0.00270282,0.00191986,-0.00078296,150,51
27,23,0.00258968,0.00205498,-0.0005347,145,44
27,24,0.0027046,0.00194829,-0.00075631,164,37
27,25,0.00272533,0.00204668,-0.00067866,162,31
27,26,0.00255808,0.00209725,-0.00046083,142,46
27,27,0.00256767,0.00209753,-0.00047014,160,43
27,28,0.00265289,0.00210928,-0.00054361,147,43
27,29,0.00257778,0.00217683,-0.00040096,153,42
27,30,0.00256142,0.00182706,-0.00073435,167,47
27,31,0.00245852,0.00242377,-3.474e-05,69,24
28,12,0.00235555,0.00211956,-0.00023599,124,40
28,13,0.00257224,0.00206182,-0.00051042,152,40
28,14,0.00263209,0.00204328,-0.00058881,168,46
28,15,0.00249625,0.00175493,-0.00074132,166,46
28,16,0.00252498,0.00237361,-0.00015137,133,40
28,17,0.00253962,0.00189902,-0.00064059,180,38
28,18,0.0027126,0.0018693,-0.00084329,167,39
28,19,0.00261951,0.00197587,-0.00064364,161,43
28,20,0.00258852,0.00193783,-0.00065069,176,45
28,21,0.00258554,0.00191099,-0.00067456,178,46
28,22,0.00271891,0.0022718,-0.00044711,153,45
28,23,0.00258617,0.00221115,-0.00037502,142,43
28,24,0.00269664,0.00182856,-0.00086808,173,48
28,25,0.00268853,0.00213097,-0.00055756,157,39
28,26,0.00265086,0.00197717,-0.00067369,159,45
28,27,0.00260002,0.00187589,-0.00072412,155,40
28,28,0.00261986,0.00193626,-0.00068359,157,41
28,29,0.00255304,0.00196977,-0.00058327,160,48
28,30,0.00261256,0.00172033,-0.00089222,172,44
28,31,0.00241271,0.00215712,-0.00025559,123,40
29,12,0.00233678,0.00243354,9.675e-05,127,38
29,13,0.00248863,0.00230022,-0.00018841,153,40
29,14,0.00259679,0.00188472,-0.00071208,164,52
29,15,0.00250885,0.00205443,-0.00045442,159,35
29,16,0.00251545,0.00219868,-0.00031677,168,40
29,17,0.00249064,0.00207866,-0.00041199,189,51
29,18,0.00256589,0.00189011,-0.00067578,170,44
29,19,0.00262656,0.0020613,-0.00056526,155,40
29,20,0.00265359,0.00202796,-0.00062563,168,41
29,21,0.00270556,0.00215881,-0.00054675,159,37
29,22,0.00260794,0.00181336,-0.00079459,155,51
29,23,0.00261578,0.00209105,-0.00052474,153,42
29,24,0.00271022,0.00200106,-0.00070916,162,40
29,25,0.00270581,0.00209121,-0.0006146,164,37
29,26,0.00263611,0.00188016,-0.00075595,159,42
29,27,0.00258372,0.00194888,-0.00063484,150,45
29,28,0.0026173,0.00194047,-0.00067682,143,38
29,29,0.00257911,0.00218245,-0.00039666,151,49
29,30,0.00251464,0.00174976,-0.00076489,176,39
29,31,0.00247051,0.00242494,-4.557e-05,113,42
30,12,0.00237533,0.0023275,-4.783e-05,146,45
30,13,0.0025726,0.00207785,-0.00049475,154,42
30,14,0.00258791,0.00188711,-0.0007008,158,48
30,15,0.00251879,0.00188207,-0.00063673,160,39
30,16,0.00258433,0.00196784,-0.00061649,152,34
30,17,0.00257274,0.00209986,-0.00047288,179,34
30,18,0.00264997,0.00171105,-0.00093892,168,34
30,19,0.00262937,0.00196083,-0.00066854,160,44
30,20,0.00261494,0.00196138,-0.00065356,173,45
30,21,0.00262953,0.00200401,-0.00062553,183,43
30,22,0.00272906,0.00218777,-0.00054129,161,43
30,23,0.00263672,0.00193499,-0.00070174,139,45
30,24,0.00272873,0.00194145,-0.00078728,158,47
30,25,0.00267185,0.00216234,-0.00050951,148,34
30,26,0.00270112,0.0019435,-0.00075762,168,40
30,27,0.00250993,0.00177402,-0.00073591,153,33
30,28,0.0025666,0.0018623,-0.0007043,151,41
30,29,0.00254654,0.00202851,-0.00051802,153,47
30,30,0.00254824,0.00184585,-0.00070239,170,37
30,31,0.0024604,0.00232823,-0.00013218,136,46
31,12,0.0024068,0.00243947,3.266e-05,137,42
31,13,0.0025425,0.00230109,-0.0002414,151,40
31,14,0.00257557,0.00187998,-0.0006956,166,45
31,15,0.00248631,0.00176823,-0.00071808,153,35
31,16,0.00244124,0.0019273,-0.00051395,178,38
31,17,0.00245366,0.00187722,-0.00057645,183,45
31,18,0.00260382,0.00177943,-0.00082439,162,35
31,19,0.00267752,0.00201317,-0.00066435,159,31
31,20,0.00258674,0.00196244,-0.0006243,163,33
31,21,0.00269999,0.00206395,-0.00063603,160,38
31,22,0.00261562,0.00186443,-0.00075119,172,47
31,23,0.00265742,0.00218256,-0.00047486,150,40
31,24,0.00271266,0.00200916,-0.0007035,158,36
31,25,0.0027063,0.00195161,-0.00075469,153,42
31,26,0.00265957,0.00171627,-0.00094329,153,42
31,27,0.00253227,0.00181191,-0.00072036,150,44
31,28,0.00258867,0.00199864,-0.00059004,131,40
31,29,0.00255876,0.00214887,-0.00040988,155,49
31,30,0.0025189,0.00208689,-0.000432,168,39
31,31,0.00242668,0.00238425,-4.243e-05,126,35
32,11,0.00219342,0.00241408,0.00022066,12,6
32,12,0.00258328,0.00191296,-0.00067032,142,42
32,13,0.00258193,0.0020328,-0.00054914,169,45
32,14,0.00261833,0.0020746,-0.00054373,151,44
32,15,0.00249022,0.00171991,-0.0007703,154,36
32,16,0.00260585,0.00200524,-0.00060061,164,38
32,17,0.00253216,0.00194497,-0.00058719,157,41
32,18,0.00261283,0.00165451,-0.00095831,156,34
32,19,0.00268798,0.00188214,-0.00080584,159,45
32,20,0.00262835,0.00196245,-0.0006659,167,38
32,21,0.00266267,0.00200018,-0.00066249,165,38
32,22,0.00270726,0.00227228,-0.00043498,171,33
32,23,0.00263375,0.00184465,-0.0007891,137,38
32,24,0.00274969,0.0019955,-0.00075418,147,42
32,25,0.0027163,0.00198482,-0.00073148,159,36
32,26,0.00263165,0.00187767,-0.00075398,151,41
32,27,0.00256459,0.00170827,-0.00085631,161,35
32,28,0.0025332,0.00200805,-0.00052515,154,33
32,29,0.00253649,0.00203875,-0.00049774,171,44
32,30,0.00259418,0.00195274,-0.00064144,156,37
32,31,0.00266442,0.00175253,-0.00091189,169,46
32,32,0.00266586,0.00259728,-6.858e-05,21,5
33,11,0.00231361,0.00245243,0.00013882,45,17
33,12,0.00262418,0.00202412,-0.00060005,144,42
33,13,0.00253851,0.00208722,-0.00045128,156,46
33,14,0.00252091,0.00186237,-0.00065854,168,42
33,15,0.00252368,0.00191199,-0.00061169,150,41
33,16,0.00248196,0.00186915,-0.00061281,168,41
33,17,0.00246343,0.00194734,-0.00051609,179,47
33,18,0.00253816,0.00162782,-0.00091033,166,41
33,19,0.00269148,0.00196752,-0.00072396,156,31
33,20,0.00259106,0.00174259,-0.00084846,170,34
33,21,0.00261404,0.00191466,-0.00069938,148,31
33,22,0.0025704,0.0017851,-0.0007853,173,42
33,23,0.00262226,0.00193409,-0.00068817,154,45
33,24,0.0026521,0.00205796,-0.00059414,149,35
33,25,0.00265962,0.00189985,-0.00075977,172,44
33,26,0.00250709,0.00191576,-0.00059133,157,40
33,27,0.00259313,0.00215638,-0.00043676,150,36
33,28,0.00259316,0.00193425,-0.00065891,139,43
33,29,0.00258547,0.00214107,-0.0004444,162,43
33,30,0.00261549,0.00208961,-0.00052589,175,46
33,31,0.00264481,0.00188771,-0.00075711,163,40
33,32,0.00234477,0.0024732,0.00012843,42,18
34,11,0.00245215,0.00270593,0.00025378,59,20
34,12,0.00252119,0.00195679,-0.0005644,153,42
34,13,0.00258242,0.00208725,-0.00049517,174,42
34,14,0.00252975,0.00204233,-0.00048742,152,42
34,15,0.00255674,0.00184745,-0.00070929,167,42
34,16,0.00263347,0.00196087,-0.0006726,154,38
34,17,0.00257173,0.00182953,-0.0007422,164,42
34,18,0.00250663,0.00168824,-0.00081839,159,32
34,19,0.00263824,0.00209606,-0.00054219,153,41
34,20,0.00255126,0.00183557,-0.00071569,165,36
34,21,0.00245793,0.001862,-0.00059593,147,38
34,22,0.00265163,0.00204841,-0.00060322,165,34
34,23,0.00254161,0.00175242,-0.00078919,136,42
34,24,0.00251909,0.00211435,-0.00040474,149,33
34,25,0.00261037,0.00184091,-0.00076946,160,43
34,26,0.00253581,0.00184312,-0.0006927,154,41
34,27,0.00252167,0.00162702,-0.00089465,165,42
34,28,0.00247276,0.00198314,-0.00048962,158,38
34,29,0.00255529,0.00199921,-0.00055608,165,36
34,30,0.00264703,0.00189574,-0.0007513,164,41
34,31,0.00264824,0.00185751,-0.00079073,169,42
34,32,0.00254679,0.00243434,-0.00011245,65,20
35,11,0.00232566,0.0024257,0.00010004,91,24
35,12,0.00258177,0.00200379,-0.00057799,145,46
35,13,0.00249817,0.00198999,-0.00050818,172,48
35,14,0.00247966,0.00178817,-0.00069149,158,42
35,15,0.00250153,0.00184003,-0.0006615,157,47
35,16,0.0025282,0.00185637,-0.00067182,163,43
35,17,0.00251046,0.00180488,-0.00070559,188,39
35,18,0.00251689,0.0017367,-0.00078019,160,41
35,19,0.00269798,0.00202885,-0.00066913,152,38
35,20,0.00245428,0.00179158,-0.00066271,156,40
35,21,0.00260464,0.00184643,-0.00075822,142,24
35,22,0.00255176,0.00161692,-0.00093484,171,33
35,23,0.00259368,0.00176906,-0.00082462,148,43
35,24,0.00255001,0.00206693,-0.00048308,142,30
35,25,0.00264032,0.00179265,-0.00084768,166,42
35,26,0.00255837,0.00195604,-0.00060233,151,40
35,27,0.00258593,0.00205352,-0.00053241,156,34
35,28,0.00257716,0.00194591,-0.00063125,152,50
35,29,0.00260936,0.00199077,-0.0006186,153,38
35,30,0.00260509,0.00197611,-0.00062898,182,42
35,31,0.00266712,0.00172757,-0.00093955,169,37
35,32,0.0025435,0.0024119,-0.0001316,79,26
36,11,0.00249609,0.00215317,-0.00034292,101,21
36,12,0.00248598,0.00185559,-0.00063039,156,46
36,13,0.00245357,0.00205806,-0.00039551,171,40
36,14,0.00252687,0.00183173,-0.00069513,159,44
36,15,0.00251118,0.0020244,-0.00048678,158,41
36,16,0.00255826,0.00193307,-0.0006252,162,34
36,17,0.00263715,0.0018283,-0.00080885,183,47
36,18,0.00245355,0.00160105,-0.0008525,161,30
36,19,0.00265336,0.00198926,-0.00066411,135,41
36,20,0.00251457,0.00192052,-0.00059405,146,31
36,21,0.00238213,0.00168496,-0.00069717,141,28
36,22,0.00259639,0.00160757,-0.00098882,160,31
36,23,0.00250928,0.00170037,-0.00080891,139,45
36,24,0.00260586,0.00185519,-0.00075068,154,28
36,25,0.00256911,0.00199782,-0.00057129,159,38
36,26,0.00252398,0.00218185,-0.00034213,155,32
36,27,0.00242375,0.00164527,-0.00077849,170,43
36,28,0.00255175,0.00216714,-0.00038461,158,39
36,29,0.00251627,0.00190852,-0.00060775,147,35
36,30,0.00268958,0.00190626,-0.00078331,159,43
36,31,0.00254837,0.00180801,-0.00074036,168,42
36,32,0.00236615,0.0021571,-0.00020905,100,26
37,11,0.00246828,0.00222891,-0.00023937,112,30
37,12,0.00256526,0.00193494,-0.00063032,154,42
37,13,0.00249036,0.00209855,-0.00039181,175,41
37,14,0.00244421,0.00182481,-0.0006194,156,45
37,15,0.00243607,0.00193474,-0.00050133,158,44
37,16,0.00255309,0.00189896,-0.00065413,165,39
37,17,0.0025875,0.00194899,-0.00063851,186,37
37,18,0.00260617,0.00158208,-0.00102409,169,43
37,19,0.00263935,0.00196442,-0.00067493,150,30
37,20,0.00245638,0.00155225,-0.00090412,165,32
37,21,0.00261432,0.00157004,-0.00104428,141,24
37,22,0.00258307,0.00178977,-0.0007933,162,32
37,23,0.0025951,0.00162597,-0.00096913,142,45
37,24,0.00253045,0.00188196,-0.00064848,154,30
37,25,0.00268347,0.00186814,-0.00081534,176,43
37,26,0.00246764,0.00207134,-0.0003963,149,38
37,27,0.00257456,0.00186906,-0.0007055,165,38
37,28,0.00261557,0.00203208,-0.00058349,164,49
37,29,0.00256209,0.00192735,-0.00063473,150,33
37,30,0.0025431,0.00196249,-0.00058061,167,43
37,31,0.00257737,0.00187197,-0.0007054,156,38
37,32,0.00256262,0.00232145,-0.00024117,112,36
38,11,0.00244604,0.00223533,-0.0002107,113,34
38,12,0.00245479,0.00169088,-0.00076391,148,45
38,13,0.00252216,0.00222265,-0.00029952,173,35
38,14,0.00246907,0.00196534,-0.00050373,148,46
38,15,0.0025433,0.00193011,-0.00061319,153,35
38,16,0.00252716,0.00211821,-0.00040895,164,45
38,17,0.00259569,0.00177587,-0.00081983,178,35
38,18,0.00249924,0.00161447,-0.00088478,155,33
38,19,0.00268319,0.00165056,-0.00103263,147,36
38,20,0.00244952,0.00145882,-0.00099069,148,25
38,21,0.00251772,0.00138945,-0.00112827,146,24
38,22,0.0026423,0.00167416,-0.00096814,150,26
38,23,0.00254262,0.00154479,-0.00099783,141,38
38,24,0.00260646,0.00180144,-0.00080502,150,26
38,25,0.00259385,0.00199236,-0.00060149,161,37
38,26,0.00245635,0.00227952,-0.00017683,142,32
38,27,0.00253414,0.00174474,-0.00078941,168,45
38,28,0.00264216,0.00221841,-0.00042376,155,35
38,29,0.00256312,0.00177396,-0.00078916,141,40
38,30,0.00265537,0.00194854,-0.00070683,148,44
38,31,0.00253042,0.00192577,-0.00060464,144,50
38,32,0.00246881,0.00239793,-7.088e-05,111,34
39,11,0.00238849,0.00194962,-0.00043886,114,27
39,12,0.00254653,0.00190246,-0.00064407,146,46
39,13,0.00243743,0.00227544,-0.00016198,165,33
39,14,0.00251581,0.0019012,-0.00061461,160,44
39,15,0.00247008,0.00206651,-0.00040357,160,48
39,16,0.00245582,0.00208377,-0.00037205,169,43
39,17,0.00257681,0.00197614,-0.00060067,160,30
39,18,0.00258085,0.00177294,-0.00080791,159,30
39,19,0.00260311,0.00143808,-0.00116503,142,25
39,20,0.00254247,0.00155844,-0.00098404,155,29
39,21,0.00251671,0.00176157,-0.00075514,129,17
39,22,0.00253988,0.00180535,-0.00073454,142,27
39,23,0.00259852,0.00157816,-0.00102036,145,43
39,24,0.00255369,0.00202787,-0.00052582,150,28
39,25,0.00270212,0.00194935,-0.00075277,162,39
39,26,0.00262663,0.00199804,-0.00062858,148,42
39,27,0.00263734,0.00182142,-0.00081591,177,35
39,28,0.00261001,0.0017814,-0.00082861,162,44
39,29,0.00250345,0.00193681,-0.00056664,132,42
39,30,0.00248977,0.0020544,-0.00043537,156,45
39,31,0.00256417,0.00204432,-0.00051985,150,42
39,32,0.00255734,0.00243808,-0.00011926,128,44
40,11,0.00233675,0.00203309,-0.00030366,108,30
40,12,0.00249158,0.00184742,-0.00064416,151,46
40,13,0.00248632,0.00225663,-0.00022969,161,35
40,14,0.00251135,0.00187433,-0.00063702,149,38
40,15,0.00252459,0.00200362,-0.00052097,145,46
40,16,0.00253383,0.00190723,-0.0006266,172,48
40,17,0.00249518,0.00184275,-0.00065242,170,27
40,18,0.00250503,0.00167667,-0.00082835,149,36
40,19,0.00258661,0.00171783,-0.00086878,137,34
40,20,0.00250227,0.00164187,-0.00086041,138,25
40,21,0.00244846,0.00155363,-0.00089483,133,20
40,22,0.00260494,0.00171962,-0.00088532,147,29
40,23,0.0025758,0.00191675,-0.00065905,143,35
40,24,0.00266172,0.00171231,-0.0009494,154,32
40,25,0.00255087,0.00192262,-0.00062825,167,46
40,26,0.0025156,0.0019773,-0.0005383,137,44
40,27,0.00257686,0.00183456,-0.0007423,172,43
40,28,0.00263297,0.00217445,-0.00045852,150,33
40,29,0.00262094,0.00175606,-0.00086488,129,39
40,30,0.00268264,0.00204465,-0.00063799,146,47
40,31,0.00260507,0.00196363,-0.00064144,159,42
40,32,0.0024751,0.00238895,-8.614e-05,127,34
41,11,0.00231858,0.00199971,-0.00031887,125,27
41,12,0.00253328,0.00188419,-0.00064909,151,44
41,13,0.00247499,0.00212485,-0.00035014,167,43
41,14,0.00247819,0.0021707,-0.00030749,166,39
41,15,0.00243368,0.00200295,-0.00043073,165,53
41,16,0.00250099,0.00214775,-0.00035324,171,44
41,17,0.00251002,0.00148254,-0.00102748,149,24
41,18,0.00261771,0.00169664,-0.00092106,136,30
41,19,0.00255764,0.0015905,-0.00096714,137,32
41,20,0.00256819,0.00191411,-0.00065408,145,30
41,21,0.00249971,0.00169629,-0.00080342,143,28
41,22,0.00250112,0.00196666,-0.00053446,150,35
41,23,0.0025954,0.00180173,-0.00079367,141,37
41,24,0.00267201,0.00190161,-0.0007704,161,30
41,25,0.00269605,0.00174837,-0.00094768,153,32
41,26,0.00262373,0.00180103,-0.0008227,138,43
41,27,0.00265231,0.00176337,-0.00088893,172,39
41,28,0.00260643,0.00200498,-0.00060144,157,47
41,29,0.00256559,0.00182497,-0.00074062,136,43
41,30,0.00249527,0.0021253,-0.00036997,148,43
41,31,0.00258867,0.00195431,-0.00063436,162,36
41,32,0.00251219,0.00245111,-6.108e-05,130,34
42,11,0.00242002,0.00194269,-0.00047733,102,19
42,12,0.00246097,0.0020129,-0.00044807,149,43
42,13,0.00243877,0.00200528,-0.00043349,162,35
42,14,0.00250294,0.00199367,-0.00050926,153,39
42,15,0.00244564,0.00197184,-0.0004738,155,47
42,16,0.00258261,0.00210132,-0.0004813,177,40
42,17,0.00254573,0.00146633,-0.0010794,161,21
42,18,0.0025518,0.00164183,-0.00090997,141,27
42,19,0.00263657,0.00150101,-0.00113556,137,33
42,20,0.00251084,0.00167967,-0.00083117,139,27
42,21,0.00248773,0.00165301,-0.00083472,150,31
42,22,0.00254279,0.00187786,-0.00066493,154,40
42,23,0.00262296,0.00189854,-0.00072443,133,32
42,24,0.00259823,0.00172757,-0.00087066,162,31
42,25,0.00263223,0.00173392,-0.00089831,159,41
42,26,0.00255759,0.00213673,-0.00042086,136,38
42,27,0.00252147,0.00211689,-0.00040458,178,40
42,28,0.00256878,0.00220955,-0.00035923,139,38
42,29,0.00251387,0.00174264,-0.00077123,130,38
42,30,0.00265863,0.00201808,-0.00064055,156,47
42,31,0.00259103,0.00201945,-0.00057158,156,43
42,32,0.00243437,0.00234683,-8.754e-05,134,33
43,11,0.00238469,0.00228054,-0.00010414,89,22
43,12,0.0024758,0.00204406,-0.00043174,156,48
43,13,0.00248261,0.00190197,-0.00058064,175,39
43,14,0.00245889,0.00197231,-0.00048658,164,40
43,15,0.00244056,0.00196695,-0.00047361,166,48
43,16,0.00261028,0.00228532,-0.00032496,171,37
43,17,0.00253513,0.00166311,-0.00087201,149,23
43,18,0.00255439,0.00157921,-0.00097517,128,30
43,19,0.0024872,0.00155454,-0.00093266,133,35
43,20,0.00259461,0.00179912,-0.00079549,164,32
43,21,0.00243479,0.00190489,-0.0005299,146,38
43,22,0.00260259,0.00179887,-0.00080372,164,41
43,23,0.00264458,0.00185629,-0.00078828,148,34
43,24,0.00270048,0.00184888,-0.0008516,176,39
43,25,0.00265506,0.00158631,-0.00106875,140,34
43,26,0.00261531,0.00173876,-0.00087654,147,38
43,27,0.00258455,0.00181905,-0.0007655,165,46
43,28,0.00261149,0.00182567,-0.00078582,153,46
43,29,0.00258894,0.00190277,-0.00068617,157,38
43,30,0.00256188,0.00203351,-0.00052837,168,48
43,31,0.00253385,0.00203076,-0.00050309,165,45
43,32,0.0024909,0.00234587,-0.00014503,122,34
44,11,0.0022288,0.00225296,2.416e-05,119,26
44,12,0.00236722,0.00188953,-0.00047769,125,37
44,13,0.00240374,0.00192342,-0.00048031,162,35
44,14,0.00247533,0.00201788,-0.00045745,149,41
44,15,0.0023827,0.00183319,-0.00054951,147,38
44,16,0.00261775,0.00184196,-0.00077579,175,37
44,17,0.00259237,0.00150612,-0.00108624,134,18
44,18,0.00265849,0.0015936,-0.00106489,122,29
44,19,0.00261023,0.00153479,-0.00107544,142,30
44,20,0.00257783,0.00188536,-0.00069247,159,29
44,21,0.00253224,0.00186383,-0.00066841,150,29
44,22,0.00257566,0.00192351,-0.00065215,161,47
44,23,0.00272202,0.00183692,-0.00088509,147,33
44,24,0.00257281,0.00191692,-0.0006559,168,26
44,25,0.00261406,0.00173542,-0.00087864,155,35
44,26,0.00249538,0.00186255,-0.00063283,142,34
44,27,0.00262057,0.0020684,-0.00055217,174,43
44,28,0.00256065,0.00192256,-0.00063808,133,35
44,29,0.00260197,0.00189882,-0.00070315,146,35
44,30,0.00264485,0.00185166,-0.00079319,156,43
44,31,0.00254252,0.00206148,-0.00048104,142,47
44,32,0.00248064,0.00216928,-0.00031136,123,37
45,11,0.0022027,0.00213802,-6.469e-05,93,22
45,12,0.00239126,0.00190002,-0.00049123,110,41
45,13,0.00248948,0.00208524,-0.00040425,166,44
45,14,0.00248005,0.00195132,-0.00052873,169,39
45,15,0.0024213,0.00193988,-0.00048142,148,40
45,16,0.00254874,0.0020854,-0.00046334,166,36
45,17,0.0025822,0.00166003,-0.00092218,149,27
45,18,0.00260901,0.00185792,-0.0007511,138,36
45,19,0.00263039,0.00168521,-0.00094517,158,35
45,20,0.00263457,0.00189698,-0.00073759,153,29
45,21,0.00259896,0.00198044,-0.00061852,138,34
45,22,0.00261738,0.00173487,-0.0008825,157,39
45,23,0.00263334,0.00201839,-0.00061495,152,36
45,24,0.00260597,0.00187065,-0.00073533,185,40
45,25,0.00262585,0.00168683,-0.00093902,149,35
45,26,0.00256218,0.00181437,-0.00074781,172,39
45,27,0.00259215,0.00183923,-0.00075292,155,47
45,28,0.00256234,0.00192764,-0.0006347,151,46
45,29,0.00250918,0.0019751,-0.00053408,154,41
45,30,0.00258913,0.00193023,-0.0006589,153,42
45,31,0.00247485,0.00192034,-0.00055451,149,47
45,32,0.00260103,0.00231775,-0.00028328,85,29
46,11,0.00222389,0.00220093,-2.296e-05,56,24
46,12,0.00231212,0.0018467,-0.00046542,126,39
46,13,0.0024424,0.00203829,-0.00040411,161,40
46,14,0.00240899,0.00205856,-0.00035043,159,40
46,15,0.00239484,0.00188377,-0.00051107,148,38
46,16,0.00252696,0.00189006,-0.0006369,159,42
46,17,0.00251817,0.00201839,-0.00049978,174,28
46,18,0.00265551,0.00189992,-0.00075559,157,36
46,19,0.00267077,0.00180527,-0.0008655,155,36
46,20,0.00256179,0.00233193,-0.00022985,160,28
46,21,0.00260465,0.0018175,-0.00078715,143,32
46,22,0.00257355,0.00186588,-0.00070767,170,39
46,23,0.00273125,0.00182876,-0.0009025,140,42
46,24,0.00261151,0.00180788,-0.00080363,190,31
46,25,0.00264414,0.0018806,-0.00076354,165,46
46,26,0.00257257,0.00192451,-0.00064806,157,45
46,27,0.0026167,0.00190387,-0.00071283,162,39
46,28,0.00255287,0.00200012,-0.00055274,136,35
46,29,0.00253521,0.00206564,-0.00046957,138,35
46,30,0.00259409,0.00179505,-0.00079904,152,46
46,31,0.00254671,0.00196418,-0.00058253,137,37
46,32,0.0026096,0.00250108,-0.00010852,66,17
47,11,0.0022007,0.00204048,-0.00016022,23,6
47,12,0.00242757,0.00193584,-0.00049174,126,45
47,13,0.00255843,0.00210014,-0.00045828,168,49
47,14,0.00251545,0.00203995,-0.0004755,174,41
47,15,0.00250332,0.00194583,-0.0005575,133,44
47,16,0.00256583,0.00202691,-0.00053892,156,39
47,17,0.00248963,0.00199156,-0.00049807,155,38
47,18,0.00251358,0.00188784,-0.00062574,158,50
47,19,0.00260342,0.00175007,-0.00085335,170,40
47,20,0.00264975,0.00197427,-0.00067549,147,41
47,21,0.00262627,0.00212733,-0.00049895,155,35
47,22,0.0026474,0.00170155,-0.00094586,159,38
47,23,0.00262158,0.00191403,-0.00070756,147,34
47,24,0.00263641,0.00194745,-0.00068896,190,40
47,25,0.00262173,0.00184313,-0.0007786,165,45
47,26,0.0026096,0.00189727,-0.00071233,175,38
47,27,0.00264411,0.00198985,-0.00065426,154,41
47,28,0.00262037,0.00195167,-0.0006687,148,45
47,29,0.00253297,0.00200492,-0.00052805,150,43
47,30,0.00258003,0.00198609,-0.00059395,156,41
47,31,0.00254024,0.00177273,-0.00076751,149,36
47,32,0.00274906,0.00238945,-0.00035961,22,6
48,11,0.00273251,0.0010709,-0.00166162,2,1
48,12,0.002401,0.00233564,-6.536e-05,132,29
48,13,0.00255605,0.00220274,-0.00035331,163,44
48,14,0.0024304,0.00193717,-0.00049323,176,43
48,15,0.00239646,0.00192535,-0.00047111,143,42
48,16,0.00243984,0.00187907,-0.00056077,155,43
48,17,0.00252191,0.00203311,-0.0004888,160,37
48,18,0.00256399,0.00179904,-0.00076495,157,40
48,19,0.00260025,0.00166943,-0.00093082,152,47
48,20,0.00255937,0.00218104,-0.00037833,158,39
48,21,0.00254745,0.00177891,-0.00076853,156,37
48,22,0.00256618,0.00193144,-0.00063474,161,45
48,23,0.00266469,0.00193085,-0.00073384,157,46
48,24,0.0025849,0.00183541,-0.00074949,169,40
48,25,0.0026185,0.0018654,-0.00075311,152,46
48,26,0.00258811,0.00200277,-0.00058533,161,36
48,27,0.00260952,0.00202788,-0.00058164,145,32
48,28,0.0024939,0.00206075,-0.00043314,140,43
48,29,0.00262777,0.00210134,-0.00052642,148,40
48,30,0.00255683,0.00192208,-0.00063475,149,42
48,31,0.00254124,0.00233632,-0.00020492,132,40
49,12,0.00231572,0.00244092,0.0001252,101,34
49,13,0.00261171,0.00210362,-0.00050809,169,46
49,14,0.00249971,0.00208242,-0.00041729,169,40
49,15,0.00250962,0.00183493,-0.00067469,155,49
49,16,0.00250536,0.00206181,-0.00044355,159,45
49,17,0.00255939,0.00203605,-0.00052334,163,39
49,18,0.00252319,0.0020727,-0.00045049,153,43
49,19,0.00257748,0.00182988,-0.0007476,156,40
49,20,0.00260499,0.00181934,-0.00078565,152,43
49,21,0.0026206,0.00191319,-0.00070741,157,42
49,22,0.00266772,0.00169253,-0.00097518,166,38
49,23,0.00255748,0.00207515,-0.00048233,148,47
49,24,0.00262156,0.00204667,-0.0005749,184,47
49,25,0.00252397,0.00181508,-0.00070889,160,42
49,26,0.00260484,0.00187699,-0.00072785,170,44
49,27,0.00255353,0.00202259,-0.00053094,161,43
49,28,0.0025427,0.00201393,-0.00052877,162,41
49,29,0.0025543,0.00207201,-0.00048229,169,47
49,30,0.00257079,0.00189724,-0.00067355,161,41
49,31,0.00245472,0.00213794,-0.00031678,144,41
50,12,0.00237503,0.00255723,0.00018221,110,25
50,13,0.00257162,0.00232462,-0.000247,160,43
50,14,0.00246688,0.00194363,-0.00052325,170,40
50,15,0.00242704,0.00202637,-0.00040066,140,43
50,16,0.00246677,0.00198943,-0.00047734,156,45
50,17,0.00256812,0.0020496,-0.00051852,159,36
50,18,0.00252976,0.00188802,-0.00064175,150,39
50,19,0.00255235,0.00175436,-0.00079799,156,41
50,20,0.00252625,0.00188497,-0.00064128,167,39
50,21,0.0026052,0.00189604,-0.00070916,161,44
50,22,0.00253632,0.00194898,-0.00058735,151,44
50,23,0.00259909,0.00175192,-0.00084717,165,43
50,24,0.00252867,0.00211371,-0.00041496,166,43
50,25,0.00252802,0.00209208,-0.00043594,167,45
50,26,0.00259874,0.00218999,-0.00040874,162,40
50,27,0.00263651,0.00203276,-0.00060376,154,35
50,28,0.00257567,0.00203384,-0.00054182,156,43
50,29,0.00261545,0.00218421,-0.00043123,158,44
50,30,0.00250965,0.00199499,-0.00051466,149,40
50,31,0.00250387,0.00231526,-0.00018862,139,41
51,12,0.00232901,0.00204448,-0.00028453,74,21
51,13,0.0025346,0.00212594,-0.00040866,169,44
51,14,0.00246816,0.00204784,-0.00042031,167,37
51,15,0.00254425,0.00191331,-0.00063094,170,49
51,16,0.00249752,0.00228901,-0.00020851,150,42
51,17,0.00256727,0.00173947,-0.0008278,153,42
51,18,0.00254017,0.0020403,-0.00049987,167,44
51,19,0.0025715,0.00203901,-0.0005325,159,45
51,20,0.00247373,0.00189166,-0.00058207,144,40
51,21,0.00261632,0.00204562,-0.0005707,150,45
51,22,0.00257385,0.00208802,-0.00048583,154,38
51,23,0.00258795,0.00212204,-0.00046592,139,39
51,24,0.00258707,0.00193462,-0.00065245,170,44
51,25,0.00252486,0.00200268,-0.00052218,153,41
51,26,0.00256129,0.0018074,-0.00075389,171,43
51,27,0.00260685,0.00213993,-0.00046692,173,40
51,28,0.0026832,0.00205166,-0.00063154,165,42
51,29,0.00257146,0.00200473,-0.00056672,162,44
51,30,0.00256905,0.00209253,-0.00047653,163,33
51,31,0.00252889,0.00236997,-0.00015892,115,44
52,12,0.00236576,0.00174031,-0.00062546,45,7
52,13,0.00261399,0.00207443,-0.00053956,147,48
52,14,0.00245827,0.00191533,-0.00054294,162,37
52,15,0.00247573,0.00214282,-0.00033291,157,49
52,16,0.00240305,0.0021343,-0.00026875,156,42
52,17,0.00250045,0.00187,-0.00063044,155,38
52,18,0.00249514,0.00200891,-0.00048622,166,40
52,19,0.00260243,0.00187166,-0.00073077,165,45
52,20,0.00256848,0.00168781,-0.00088067,157,37
52,21,0.00263722,0.00201713,-0.00062009,171,41
52,22,0.00261722,0.00187563,-0.00074159,148,43
52,23,0.00255539,0.00207272,-0.00048267,164,46
52,24,0.00258956,0.00217196,-0.0004176,159,46
52,25,0.00262157,0.00203432,-0.00058725,162,50
52,26,0.00255592,0.00197213,-0.0005838,161,39
52,27,0.00254501,0.0020509,-0.00049411,158,33
52,28,0.00258529,0.00212568,-0.00045961,159,38
52,29,0.00257108,0.00202886,-0.00054222,157,42
52,30,0.00251156,0.00205535,-0.00045621,157,40
52,31,0.00247769,0.00261375,0.00013606,64,23
53,13,0.0023934,0.00251235,0.00011895,155,34
53,14,0.00256146,0.00193653,-0.00062493,178,39
53,15,0.00254973,0.00199935,-0.00055038,176,47
53,16,0.00256197,0.00216776,-0.00039421,143,41
53,17,0.00256739,0.00186723,-0.00070016,150,41
53,18,0.00255446,0.00183875,-0.00071571,173,46
53,19,0.00254013,0.00199244,-0.00054768,162,43
53,20,0.00256123,0.00203887,-0.00052236,155,32
53,21,0.00261048,0.00199258,-0.0006179,162,43
53,22,0.00259146,0.00202911,-0.00056235,157,44
53,23,0.00266062,0.0019231,-0.00073752,162,38
53,24,0.00261679,0.00186006,-0.00075673,164,39
53,25,0.00262865,0.00217899,-0.00044966,158,37
53,26,0.00252002,0.00169374,-0.00082628,175,42
53,27,0.00260418,0.00225649,-0.00034769,180,45
53,28,0.0026235,0.00200035,-0.00062315,166,35
53,29,0.00250832,0.00193543,-0.00057289,149,40
53,30,0.00249079,0.00240952,-8.127e-05,135,40
53,31,0.00281659,0.00321703,0.00040045,14,5
54,13,0.00239063,0.00249114,0.00010051,138,34
54,14,0.00248179,0.00193613,-0.00054566,159,44
54,15,0.00251646,0.00196956,-0.0005469,155,44
54,16,0.0025243,0.00215444,-0.00036986,163,46
54,17,0.00253014,0.00180129,-0.00072885,157,37
54,18,0.00250775,0.00210198,-0.00040577,162,38
54,19,0.0026244,0.00180067,-0.00082373,162,43
54,20,0.00259902,0.00163292,-0.0009661,156,37
54,21,0.00264557,0.00210359,-0.00054198,173,34
54,22,0.00268159,0.00201649,-0.0006651,138,36
54,23,0.0026767,0.00201867,-0.00065803,178,46
54,24,0.0026007,0.00214179,-0.00045891,156,48
54,25,0.00255269,0.00220222,-0.00035047,174,45
54,26,0.00260107,0.00203363,-0.00056744,170,45
54,27,0.00263385,0.00215843,-0.00047543,161,36
54,28,0.00265522,0.00192085,-0.00073438,163,36
54,29,0.00260916,0.00192838,-0.00068078,155,37
54,30,0.00239532,0.00233214,-6.319e-05,158,40
55,13,0.00246292,0.00194185,-0.00052107,111,23
55,14,0.00258718,0.00199572,-0.00059145,171,44
55,15,0.00255771,0.00175079,-0.00080692,157,43
55,16,0.00255628,0.00209143,-0.00046485,141,40
55,17,0.00257064,0.00174351,-0.00082713,170,42
55,18,0.00254402,0.00179352,-0.0007505,161,46
55,19,0.00259468,0.00211979,-0.0004749,155,36
55,20,0.00254601,0.00212389,-0.00042212,160,31
55,21,0.00260917,0.0020388,-0.00057037,162,40
55,22,0.0025694,0.00196179,-0.00060761,143,39
55,23,0.00266324,0.00198296,-0.00068029,163,44
55,24,0.00260992,0.00180951,-0.00080041,160,42
55,25,0.00255055,0.00225994,-0.00029061,152,37
55,26,0.00252385,0.0017381,-0.00078575,165,47
55,27,0.00263242,0.00218044,-0.00045197,171,45
55,28,0.00264186,0.00200209,-0.00063977,156,39
55,29,0.00252367,0.00174693,-0.00077674,154,38
55,30,0.00248453,0.00238439,-0.00010014,110,25
56,13,0.00245537,0.00193478,-0.00052059,50,16
56,14,0.00255184,0.00200265,-0.00054919,147,47
56,15,0.0025329,0.00175747,-0.00077543,152,39
56,16,0.00255671,0.00228154,-0.00027517,153,47
56,17,0.00261477,0.00196558,-0.00064918,159,41
56,18,0.00251418,0.00196136,-0.00055283,157,38
56,19,0.00268796,0.00189994,-0.00078802,165,43
56,20,0.00260869,0.00174286,-0.00086582,165,41
56,21,0.00260697,0.00190364,-0.00070333,161,41
56,22,0.00276385,0.00203428,-0.00072958,140,39
56,23,0.0026991,0.00209652,-0.00060258,163,41
56,24,0.00255756,0.00212818,-0.00042939,165,48
56,25,0.00252984,0.00229265,-0.00023719,169,40
56,26,0.00274679,0.00193241,-0.00081438,164,48
56,27,0.00270341,0.00207869,-0.00062472,171,43
56,28,0.00265538,0.0019153,-0.00074008,148,37
56,29,0.00259146,0.00208573,-0.00050573,162,30
56,30,0.00240831,0.00244875,4.043e-05,61,16
57,14,0.0023093,0.00237831,6.9e-05,144,40
57,15,0.00259194,0.00197059,-0.00062135,161,37
57,16,0.00249089,0.00220932,-0.00028158,150,35
57,17,0.00253345,0.00187629,-0.00065716,167,39
57,18,0.00254221,0.00193038,-0.00061183,171,46
57,19,0.00270271,0.00213244,-0.00057028,154,38
57,20,0.00253279,0.00225264,-0.00028015,179,33
57,21,0.00260741,0.00202834,-0.00057907,155,39
57,22,0.0024624,0.00191499,-0.00054741,150,42
57,23,0.00269245,0.00210681,-0.00058564,162,53
57,24,0.00257372,0.0017686,-0.00080513,156,42
57,25,0.00265465,0.00201508,-0.00063957,149,43
57,26,0.0025818,0.00181352,-0.00076829,168,42
57,27,0.00273509,0.00195004,-0.00078505,157,42
57,28,0.00273606,0.00211071,-0.00062535,157,42
57,29,0.00252385,0.00233611,-0.00018774,139,39
58,14,0.00246951,0.00231589,-0.00015363,113,26
58,15,0.00261594,0.00191004,-0.0007059,150,42
58,16,0.00261369,0.00205145,-0.00056225,148,48
58,17,0.00258633,0.00202406,-0.00056227,146,44
58,18,0.00248175,0.00202311,-0.00045864,156,46
58,19,0.00271741,0.00219915,-0.00051826,156,41
58,20,0.00255853,0.00187195,-0.00068658,171,46
58,21,0.00249909,0.00183871,-0.00066037,156,36
58,22,0.0026181,0.00216186,-0.00045624,131,41
58,23,0.00271005,0.00213314,-0.00057691,164,38
58,24,0.00262472,0.00209991,-0.0005248,164,47
58,25,0.0025794,0.00201601,-0.00056339,182,43
58,26,0.00265613,0.00191873,-0.0007374,156,46
58,27,0.00268721,0.00220634,-0.00048087,161,44
58,28,0.00265629,0.00204813,-0.00060816,163,37
58,29,0.00254145,0.00244348,-9.797e-05,113,31
59,14,0.00220754,0.00227914,7.16e-05,9,2
59,15,0.00240376,0.0023304,-7.335e-05,165,41
59,16,0.00260098,0.0020882,-0.00051278,147,38
59,17,0.00256922,0.00183368,-0.00073554,148,44
59,18,0.00251991,0.00226972,-0.00025019,177,41
59,19,0.00268724,0.00215371,-0.00053353,148,35
59,20,0.00256939,0.00223063,-0.00033876,181,36
59,21,0.00263632,0.00186761,-0.00076872,158,39
59,22,0.00250728,0.00221542,-0.00029186,172,43
59,23,0.00280196,0.002282,-0.00051997,169,47
59,24,0.00257013,0.00196736,-0.00060276,149,37
59,25,0.00265519,0.00179613,-0.00085906,163,45
59,26,0.00259016,0.00193167,-0.00065849,163,41
59,27,0.002733,0.00196626,-0.00076673,151,43
59,28,0.00247723,0.00237948,-9.774e-05,154,44
59,29,0.00248031,0.00226515,-0.00021516,31,12
60,15,0.00241332,0.00271843,0.00030511,138,38
60,16,0.00263595,0.00201767,-0.00061829,142,46
60,17,0.00253783,0.00203083,-0.000507,151,43
60,18,0.00252458,0.00226904,-0.00025555,177,39
60,19,0.00267477,0.002272,-0.00040278,138,31
60,20,0.00260616,0.00188241,-0.00072375,171,42
60,21,0.00259151,0.00197877,-0.00061274,138,30
60,22,0.00270476,0.00206171,-0.00064305,144,46
60,23,0.00267578,0.0022188,-0.00045698,134,34
60,24,0.00260375,0.0020612,-0.00054255,152,46
60,25,0.00260528,0.00202648,-0.0005788,167,38
60,26,0.00264,0.00203729,-0.00060272,159,44
60,27,0.00265263,0.00207742,-0.00057521,151,41
60,28,0.00250176,0.00235577,-0.00014599,138,31
61,15,0.00241337,0.00200853,-0.00040484,29,5
61,16,0.00257355,0.00221255,-0.000361,143,35
61,17,0.0025738,0.00223756,-0.00033624,142,33
61,18,0.00254542,0.00213562,-0.0004098,169,44
61,19,0.00263703,0.00190233,-0.0007347,135,29
61,20,0.00261062,0.00219522,-0.0004154,158,37
61,21,0.00252784,0.00183212,-0.00069571,137,28
61,22,0.00255522,0.00238908,-0.00016614,150,39
61,23,0.00277714,0.002254,-0.00052315,137,39
61,24,0.00255888,0.00206517,-0.00049371,141,42
61,25,0.00267879,0.00198543,-0.00069336,160,45
61,26,0.0025923,0.00209139,-0.00050092,130,42
61,27,0.00267857,0.00200023,-0.00067835,141,36
61,28,0.00260553,0.00206302,-0.0005425,62,16
62,16,0.00236004,0.00249152,0.00013148,73,22
62,17,0.00255331,0.00206378,-0.00048952,137,44
62,18,0.00260971,0.00244729,-0.00016242,137,34
62,19,0.00278684,0.00218589,-0.00060094,97,23
62,20,0.00272347,0.00211979,-0.00060368,124,33
62,21,0.00256593,0.00199015,-0.00057578,89,26
62,22,0.00270347,0.00201071,-0.00069276,112,39
62,23,0.002662,0.00218939,-0.00047261,88,23
62,24,0.0025709,0.00212723,-0.00044368,116,38
62,25,0.00261374,0.00207877,-0.00053497,122,39
62,26,0.00268915,0.00187323,-0.00081592,125,44
62,27,0.00256534,0.00233022,-0.00023512,87,26
63,17,0.00253048,0.00262685,9.637e-05,113,33
63,18,0.00262073,0.00206144,-0.0005593,134,45
63,19,0.00258193,0.00179563,-0.00078629,88,27
63,20,0.00274051,0.00211286,-0.00062765,115,22
63,21,0.00260346,0.00193272,-0.00067074,72,24
63,22,0.00264033,0.0023312,-0.00030914,100,37
63,23,0.00271176,0.00225403,-0.00045774,87,27
63,24,0.00258113,0.00219853,-0.0003826,116,36
63,25,0.00268372,0.00200218,-0.00068154,128,46
63,26,0.00252094,0.00232327,-0.00019767,114,33
64,17,0.00240635,0.0014868,-0.00091955,5,2
64,18,0.00264216,0.00241948,-0.00022268,115,27
64,19,0.00268943,0.0021623,-0.00052714,65,17
64,20,0.00276114,0.00210152,-0.00065961,75,14
64,21,0.00244908,0.00190715,-0.00054193,43,10
64,22,0.00273531,0.00197991,-0.00075541,64,29
64,23,0.00253236,0.00223422,-0.00029813,61,15
64,24,0.00257688,0.00228106,-0.00029582,70,23
64,25,0.00266435,0.00212851,-0.00053583,93,32
64,26,0.00240639,0.00203345,-0.00037294,25,13
65,18,0.00244756,0.00221507,-0.00023249,4,1
65,19,0.00249706,0.00236148,-0.00013558,39,10
65,20,0.0026627,0.00195352,-0.00070918,59,13
65,21,0.0023802,0.00187508,-0.00050513,32,14
65,22,0.00253001,0.00243059,-9.942e-05,48,19
65,23,0.00259635,0.00217189,-0.00042446,63,18
65,24,0.00250381,0.0020523,-0.00045151,47,18
65,25,0.002775,0.00153182,-0.00124318,14,4
66,20,0.00270779,0.00170243,-0.00100536,7,4
66,21,0.00291844,0.00210213,-0.00081631,8,2
66,22,0.00292461,0.00301721,9.26e-05,15,3
66,23,0.00287362,0.00273098,-0.00014263,21,2
