die_x,die_y,count,pred_mean,pred_max,pred_std,risk_count,risk_rate,ppm_mean,ppm_max,radial_dist
12,21,5,0.0027494,0.00352504,0.00054793,1,20.0,2749.4,3525.0,27.005
12,22,2,0.00264224,0.00300724,0.00051618,0,0.0,2642.2,3007.2,27.005
13,19,234,0.00259296,0.00341606,0.00065914,37,15.81,2593.0,3416.1,26.12
13,20,454,0.00259986,0.00353918,0.00079483,92,20.26,2599.9,3539.2,26.043
13,21,574,0.00262878,0.00355608,0.00074817,111,19.34,2628.8,3556.1,26.005
13,22,386,0.00242076,0.00361632,0.00084147,38,9.84,2420.8,3616.3,26.005
13,23,451,0.00268316,0.00351003,0.00065013,75,16.63,2683.2,3510.0,26.043
13,24,145,0.00230412,0.00353936,0.00075515,38,26.21,2304.1,3539.4,26.12
14,18,533,0.00234576,0.00354969,0.00075632,113,21.2,2345.8,3549.7,25.244
14,19,611,0.00263292,0.00355306,0.00069545,117,19.15,2632.9,3553.1,25.125
14,20,549,0.00251213,0.00357535,0.00081125,82,14.94,2512.1,3575.4,25.045
14,21,599,0.00244423,0.00352442,0.00094268,87,14.52,2444.2,3524.4,25.005
14,22,560,0.00256359,0.00352287,0.00081139,72,12.86,2563.6,3522.9,25.005
14,23,469,0.00267268,0.00360747,0.00078877,87,18.55,2672.7,3607.5,25.045
14,24,490,0.0024851,0.00347978,0.000886,85,17.35,2485.1,3479.8,25.125
14,25,290,0.0025876,0.00358642,0.0006408,54,18.62,2587.6,3586.4,25.244
15,17,403,0.00234694,0.00360776,0.00084254,84,20.84,2346.9,3607.8,24.418
15,18,509,0.00244083,0.00359723,0.00087089,107,21.02,2440.8,3597.2,24.254
15,19,501,0.00248328,0.00360321,0.00091773,96,19.16,2483.3,3603.2,24.13
15,20,528,0.00256189,0.00356028,0.00085503,97,18.37,2561.9,3560.3,24.047
15,21,637,0.0025104,0.00359514,0.00091075,166,26.06,2510.4,3595.1,24.005
15,22,532,0.0026154,0.00354452,0.00088545,133,25.0,2615.4,3544.5,24.005
15,23,600,0.00246931,0.00351692,0.00091385,101,16.83,2469.3,3516.9,24.047
15,24,624,0.0025924,0.00353319,0.00087922,176,28.21,2592.4,3533.2,24.13
15,25,642,0.00249324,0.00354897,0.00085808,150,23.36,2493.2,3549.0,24.254
15,26,357,0.0022105,0.00344973,0.00073997,48,13.45,2210.5,3449.7,24.418
16,16,56,0.00209714,0.00344231,0.0008367,5,8.93,2097.1,3442.3,23.648
16,17,591,0.00253351,0.00364372,0.00072491,117,19.8,2533.5,3643.7,23.436
16,18,625,0.0024967,0.00360006,0.00092121,184,29.44,2496.7,3600.1,23.265
16,19,563,0.00271515,0.00352688,0.00075504,130,23.09,2715.2,3526.9,23.135
16,20,707,0.00246005,0.00356904,0.00096387,128,18.1,2460.0,3569.0,23.049
16,21,616,0.00255459,0.00350465,0.00094425,189,30.68,2554.6,3504.6,23.005
16,22,487,0.00260593,0.00358135,0.00084426,110,22.59,2605.9,3581.4,23.005
16,23,613,0.00252076,0.00356948,0.00095906,132,21.53,2520.8,3569.5,23.049
16,24,633,0.00261686,0.0035167,0.00082863,144,22.75,2616.9,3516.7,23.135
16,25,478,0.00266086,0.00356457,0.00086775,110,23.01,2660.9,3564.6,23.265
16,26,521,0.00243265,0.00358576,0.00069734,88,16.89,2432.6,3585.8,23.436
16,27,6,0.00279624,0.00330609,0.00065233,2,33.33,2796.2,3306.1,23.648
17,16,515,0.00254781,0.00351335,0.00067088,89,17.28,2547.8,3513.4,22.677
17,17,601,0.00250359,0.00353424,0.00091185,112,18.64,2503.6,3534.2,22.456
17,18,743,0.00266342,0.00356572,0.00085643,230,30.96,2663.4,3565.7,22.277
17,19,611,0.0026481,0.00359709,0.00092149,179,29.3,2648.1,3597.1,22.142
17,20,611,0.00260882,0.00354285,0.00087481,165,27.0,2608.8,3542.8,22.051
17,21,591,0.00264932,0.00359821,0.00091698,214,36.21,2649.3,3598.2,22.006
17,22,505,0.00255497,0.00362583,0.0009814,173,34.26,2555.0,3625.8,22.006
17,23,515,0.00238059,0.00355551,0.00100336,133,25.83,2380.6,3555.5,22.051
17,24,657,0.00263418,0.00356633,0.00086251,214,32.57,2634.2,3566.3,22.142
17,25,703,0.00252806,0.00359654,0.00088827,191,27.17,2528.1,3596.5,22.277
17,26,648,0.00263873,0.00351521,0.00083051,173,26.7,2638.7,3515.2,22.456
17,27,506,0.00232753,0.00354775,0.00076485,77,15.22,2327.5,3547.8,22.677
18,15,335,0.00232496,0.00358808,0.00089262,55,16.42,2325.0,3588.1,21.983
18,16,485,0.00263032,0.00353023,0.00073881,88,18.14,2630.3,3530.2,21.708
18,17,485,0.00259918,0.00355078,0.00088122,145,29.9,2599.2,3550.8,21.477
18,18,691,0.00267294,0.0035608,0.00084025,238,34.44,2672.9,3560.8,21.29
18,19,653,0.00270747,0.00353969,0.00087118,247,37.83,2707.5,3539.7,21.148
18,20,560,0.00251626,0.00355495,0.00097796,148,26.43,2516.3,3555.0,21.054
18,21,629,0.00255227,0.00354748,0.00099006,200,31.8,2552.3,3547.5,21.006
18,22,680,0.00253379,0.00359215,0.00088694,140,20.59,2533.8,3592.2,21.006
18,23,588,0.00251253,0.00352325,0.00100852,141,23.98,2512.5,3523.2,21.054
18,24,645,0.00247589,0.00352828,0.00095621,147,22.79,2475.9,3528.3,21.148
18,25,459,0.00267965,0.00358009,0.00090139,179,39.0,2679.6,3580.1,21.29
18,26,661,0.00251811,0.00360948,0.00099295,230,34.8,2518.1,3609.5,21.477
18,27,653,0.0025546,0.00354629,0.00083962,159,24.35,2554.6,3546.3,21.708
18,28,337,0.0023287,0.00345588,0.00074761,62,18.4,2328.7,3455.9,21.983
19,15,598,0.00256993,0.00354323,0.00075582,135,22.58,2569.9,3543.2,21.03
19,16,639,0.00266379,0.00358804,0.00084533,174,27.23,2663.8,3588.0,20.742
19,17,739,0.00258653,0.003583,0.00088555,198,26.79,2586.5,3583.0,20.5
19,18,745,0.00261814,0.00354259,0.00091624,251,33.69,2618.1,3542.6,20.304
19,19,599,0.00262341,0.00355491,0.00099805,227,37.9,2623.4,3554.9,20.156
19,20,645,0.00263887,0.00357907,0.0008504,157,24.34,2638.9,3579.1,20.056
19,21,693,0.0026156,0.00352746,0.00093087,227,32.76,2615.6,3527.5,20.006
19,22,649,0.00247981,0.0035705,0.00103063,185,28.51,2479.8,3570.5,20.006
19,23,516,0.00252133,0.00353052,0.00101094,148,28.68,2521.3,3530.5,20.056
19,24,746,0.00254262,0.00354637,0.00099207,240,32.17,2542.6,3546.4,20.156
19,25,559,0.00249437,0.00356705,0.00093454,164,29.34,2494.4,3567.0,20.304
19,26,601,0.00267118,0.00349255,0.00083049,130,21.63,2671.2,3492.6,20.5
19,27,700,0.00258274,0.00350875,0.00085211,161,23.0,2582.7,3508.8,20.742
19,28,534,0.00245937,0.00352817,0.00067584,79,14.79,2459.4,3528.2,21.03
20,14,252,0.00206575,0.00358849,0.0008037,22,8.73,2065.8,3588.5,20.427
20,15,655,0.00254457,0.00353171,0.00095584,194,29.62,2544.6,3531.7,20.081
20,16,618,0.0026263,0.0035307,0.00087638,173,27.99,2626.3,3530.7,19.78
20,17,544,0.00267708,0.00354125,0.00078594,161,29.6,2677.1,3541.2,19.526
20,18,652,0.00263406,0.00357308,0.00097974,259,39.72,2634.1,3573.1,19.32
20,19,603,0.00249338,0.0036277,0.00102537,236,39.14,2493.4,3627.7,19.164
20,20,534,0.00260294,0.00355729,0.00094632,179,33.52,2602.9,3557.3,19.059
20,21,707,0.00259511,0.00353721,0.0009518,273,38.61,2595.1,3537.2,19.007
20,22,732,0.00248983,0.00354958,0.0009398,152,20.77,2489.8,3549.6,19.007
20,23,585,0.00256139,0.00359175,0.0009792,137,23.42,2561.4,3591.8,19.059
20,24,657,0.00236312,0.00356956,0.00100034,171,26.03,2363.1,3569.6,19.164
20,25,498,0.00262518,0.00353108,0.00089298,169,33.94,2625.2,3531.1,19.32
20,26,645,0.00279944,0.00357281,0.00085496,220,34.11,2799.4,3572.8,19.526
20,27,646,0.00268166,0.00353059,0.00082735,174,26.93,2681.7,3530.6,19.78
20,28,558,0.00265656,0.0035007,0.00073298,134,24.01,2656.6,3500.7,20.081
20,29,313,0.00254853,0.00349045,0.0008239,78,24.92,2548.5,3490.4,20.427
21,14,592,0.00233235,0.0035541,0.0008015,69,11.66,2332.4,3554.1,19.5
21,15,622,0.00260896,0.00352187,0.00083831,115,18.49,2609.0,3521.9,19.138
21,16,752,0.00274009,0.00353201,0.00084009,284,37.77,2740.1,3532.0,18.822
21,17,719,0.00263174,0.00356733,0.0008918,192,26.7,2631.7,3567.3,18.554
21,18,662,0.00278909,0.00354549,0.00087924,320,48.34,2789.1,3545.5,18.337
21,19,688,0.00260894,0.00356614,0.00104125,289,42.01,2608.9,3566.1,18.173
21,20,627,0.00256873,0.00355744,0.00097585,209,33.33,2568.7,3557.4,18.062
21,21,682,0.00251463,0.00355625,0.0009709,188,27.57,2514.6,3556.2,18.007
21,22,720,0.00234788,0.00355176,0.00106682,188,26.11,2347.9,3551.8,18.007
21,23,548,0.00250807,0.00352325,0.00102301,154,28.1,2508.1,3523.2,18.062
21,24,642,0.00246707,0.00355633,0.00103365,164,25.55,2467.1,3556.3,18.173
21,25,588,0.00250676,0.0035339,0.00095978,186,31.63,2506.8,3533.9,18.337
21,26,756,0.00271047,0.00357661,0.0008774,247,32.67,2710.5,3576.6,18.554
21,27,620,0.00260335,0.00355118,0.00088457,171,27.58,2603.4,3551.2,18.822
21,28,458,0.00256367,0.0035271,0.00081537,99,21.62,2563.7,3527.1,19.138
21,29,636,0.00248388,0.00356776,0.00073224,110,17.3,2483.9,3567.8,19.5
22,13,3,0.00248704,0.00315798,0.00111138,0,0.0,2487.0,3158.0,19.007
22,14,547,0.00243854,0.00352582,0.00073606,62,11.33,2438.5,3525.8,18.581
22,15,462,0.00237728,0.00351304,0.00106575,101,21.86,2377.3,3513.0,18.2
22,16,639,0.00278471,0.00352577,0.00087498,309,48.36,2784.7,3525.8,17.868
22,17,669,0.0025708,0.00350333,0.00086818,134,20.03,2570.8,3503.3,17.586
22,18,629,0.00266755,0.00360168,0.00093586,251,39.9,2667.5,3601.7,17.357
22,19,516,0.00246456,0.00355945,0.00112759,233,45.16,2464.6,3559.4,17.183
22,20,532,0.00262361,0.00361184,0.00093615,176,33.08,2623.6,3611.8,17.066
22,21,681,0.00251419,0.00355754,0.00092332,191,28.05,2514.2,3557.5,17.007
22,22,668,0.00243881,0.00351126,0.00094684,127,19.01,2438.8,3511.3,17.007
22,23,640,0.00253641,0.00354764,0.00098133,140,21.88,2536.4,3547.6,17.066
22,24,685,0.00261381,0.00356626,0.00085579,243,35.47,2613.8,3566.3,17.183
22,25,590,0.00264387,0.00358566,0.00091603,165,27.97,2643.9,3585.7,17.357
22,26,855,0.00259506,0.00355395,0.0009164,251,29.36,2595.1,3554.0,17.586
22,27,634,0.00261568,0.00356944,0.0007994,138,21.77,2615.7,3569.4,17.868
22,28,562,0.00252043,0.00354083,0.00081741,89,15.84,2520.4,3540.8,18.2
22,29,641,0.00257476,0.00348237,0.00068573,113,17.63,2574.8,3482.4,18.581
22,30,23,0.00196629,0.00357241,0.00063393,2,8.7,1966.3,3572.4,19.007
23,13,365,0.00245923,0.00344327,0.00069556,50,13.7,2459.2,3443.3,18.118
23,14,643,0.00251242,0.00351424,0.00073956,129,20.06,2512.4,3514.2,17.671
23,15,654,0.00258353,0.00354487,0.00088008,132,20.18,2583.5,3544.9,17.27
23,16,657,0.00276063,0.00356027,0.00079274,262,39.88,2760.6,3560.3,16.919
23,17,708,0.00273729,0.00357793,0.00080258,226,31.92,2737.3,3577.9,16.621
23,18,712,0.00274979,0.00359965,0.00091168,311,43.68,2749.8,3599.6,16.378
23,19,666,0.00271942,0.00353244,0.00094187,298,44.74,2719.4,3532.4,16.194
23,20,591,0.00254881,0.00358503,0.00100832,193,32.66,2548.8,3585.0,16.07
23,21,696,0.0025349,0.00356233,0.00095535,197,28.3,2534.9,3562.3,16.008
23,22,658,0.00229963,0.0035568,0.00112819,199,30.24,2299.6,3556.8,16.008
23,23,595,0.00255356,0.00358157,0.00100204,174,29.24,2553.6,3581.6,16.07
23,24,626,0.00254897,0.00355926,0.00092668,189,30.19,2549.0,3559.3,16.194
23,25,726,0.00259556,0.00360114,0.0008276,156,21.49,2595.6,3601.1,16.378
23,26,792,0.00248892,0.00358632,0.00099271,238,30.05,2488.9,3586.3,16.621
23,27,576,0.00245152,0.0035294,0.00091643,144,25.0,2451.5,3529.4,16.919
23,28,625,0.00253968,0.00354142,0.00087983,121,19.36,2539.7,3541.4,17.27
23,29,485,0.00269563,0.0034932,0.0006683,100,20.62,2695.6,3493.2,17.671
23,30,436,0.00239875,0.00348083,0.00068461,52,11.93,2398.8,3480.8,18.118
24,13,554,0.00254049,0.00352181,0.00068934,81,14.62,2540.5,3521.8,17.241
24,14,670,0.00236979,0.0034938,0.00093695,134,20.0,2369.8,3493.8,16.771
24,15,567,0.00254765,0.00353316,0.00094068,156,27.51,2547.6,3533.2,16.348
24,16,654,0.00257728,0.00357397,0.00094062,199,30.43,2577.3,3574.0,15.977
24,17,767,0.00244639,0.00355756,0.00096044,182,23.73,2446.4,3557.6,15.66
24,18,650,0.00278449,0.00357322,0.00080907,259,39.85,2784.5,3573.2,15.403
24,19,566,0.00256497,0.0035467,0.00099001,192,33.92,2565.0,3546.7,15.207
24,20,494,0.00276442,0.00358327,0.00079524,196,39.68,2764.4,3583.3,15.075
24,21,644,0.00246983,0.00356034,0.00096862,203,31.52,2469.8,3560.3,15.008
24,22,813,0.00258495,0.00358365,0.00090624,170,20.91,2585.0,3583.6,15.008
24,23,628,0.00242523,0.00357775,0.00095026,109,17.36,2425.2,3577.8,15.075
24,24,784,0.00269542,0.00351999,0.00084027,236,30.1,2695.4,3520.0,15.207
24,25,676,0.00253163,0.00358516,0.00094019,171,25.3,2531.6,3585.2,15.403
24,26,706,0.00246689,0.00352826,0.00097905,177,25.07,2466.9,3528.3,15.66
24,27,681,0.00271799,0.00354986,0.00073635,157,23.05,2718.0,3549.9,15.977
24,28,710,0.00251512,0.0035667,0.00087002,104,14.65,2515.1,3566.7,16.348
24,29,514,0.0026049,0.00351009,0.00081645,115,22.37,2604.9,3510.1,16.771
24,30,527,0.00246583,0.00353517,0.00078835,95,18.03,2465.8,3535.2,17.241
25,13,575,0.00248733,0.00359018,0.00074855,79,13.74,2487.3,3590.2,16.378
25,14,714,0.00244976,0.00352964,0.0008672,113,15.83,2449.8,3529.6,15.882
25,15,542,0.00260931,0.00360272,0.00091187,146,26.94,2609.3,3602.7,15.435
25,16,638,0.00256529,0.00355944,0.00092783,150,23.51,2565.3,3559.4,15.042
25,17,570,0.00266903,0.00359011,0.00081072,175,30.7,2669.0,3590.1,14.705
25,18,604,0.00271682,0.00354442,0.00083001,159,26.32,2716.8,3544.4,14.431
25,19,719,0.00255258,0.00356737,0.00100298,277,38.53,2552.6,3567.4,14.221
25,20,545,0.00263171,0.00356869,0.00086799,167,30.64,2631.7,3568.7,14.08
25,21,585,0.00263976,0.0035442,0.00094557,180,30.77,2639.8,3544.2,14.009
25,22,817,0.00251879,0.00357541,0.00104901,245,29.99,2518.8,3575.4,14.009
25,23,620,0.00248355,0.00359891,0.00090982,129,20.81,2483.6,3598.9,14.08
25,24,615,0.00246669,0.00355103,0.00097049,178,28.94,2466.7,3551.0,14.221
25,25,685,0.00257032,0.00357159,0.00090128,175,25.55,2570.3,3571.6,14.431
25,26,811,0.00240978,0.00353655,0.00100431,193,23.8,2409.8,3536.6,14.705
25,27,709,0.00245413,0.00357438,0.00085226,98,13.82,2454.1,3574.4,15.042
25,28,746,0.00255796,0.00351056,0.00082704,115,15.42,2558.0,3510.6,15.435
25,29,462,0.00264363,0.0035132,0.00077909,105,22.73,2643.6,3513.2,15.882
25,30,638,0.00254658,0.00355173,0.00069479,104,16.3,2546.6,3551.7,16.378
26,12,137,0.00238675,0.00314242,0.00066494,0,0.0,2386.8,3142.4,16.101
26,13,656,0.00246981,0.00352822,0.00083418,154,23.48,2469.8,3528.2,15.532
26,14,657,0.00241344,0.00350631,0.00098684,170,25.88,2413.4,3506.3,15.008
26,15,534,0.00249276,0.00352782,0.00100184,147,27.53,2492.8,3527.8,14.534
26,16,808,0.00264978,0.00358656,0.00083184,272,33.66,2649.8,3586.6,14.116
26,17,780,0.00248098,0.00359195,0.00094274,201,25.77,2481.0,3592.0,13.757
26,18,632,0.00268027,0.00351911,0.00083867,220,34.81,2680.3,3519.1,13.463
26,19,575,0.00278602,0.00354506,0.00079214,238,41.39,2786.0,3545.1,13.238
26,20,591,0.00251877,0.00362493,0.00094716,185,31.3,2518.8,3624.9,13.086
26,21,604,0.00259321,0.003606,0.00101296,221,36.59,2593.2,3606.0,13.01
26,22,659,0.00265789,0.0035314,0.00080736,169,25.64,2657.9,3531.4,13.01
26,23,625,0.00240571,0.00351979,0.00098746,110,17.6,2405.7,3519.8,13.086
26,24,813,0.00258773,0.0035817,0.00089409,212,26.08,2587.7,3581.7,13.238
26,25,671,0.00254709,0.00355331,0.00089048,147,21.91,2547.1,3553.3,13.463
26,26,592,0.00277371,0.00354663,0.00078742,173,29.22,2773.7,3546.6,13.757
26,27,648,0.00260677,0.00356648,0.00081124,120,18.52,2606.8,3566.5,14.116
26,28,534,0.00257892,0.0035623,0.00087624,148,27.72,2578.9,3562.3,14.534
26,29,568,0.00261183,0.00350621,0.00087165,181,31.87,2611.8,3506.2,15.008
26,30,612,0.00245568,0.00353344,0.00076824,112,18.3,2455.7,3533.4,15.532
26,31,31,0.00260542,0.00343349,0.00075502,3,9.68,2605.4,3433.5,16.101
27,12,462,0.00242462,0.0035451,0.00075777,55,11.9,2424.6,3545.1,15.305
27,13,544,0.00246324,0.00351804,0.00087861,112,20.59,2463.2,3518.0,14.705
27,14,662,0.00252606,0.00356442,0.00094023,142,21.45,2526.1,3564.4,14.151
27,15,505,0.00258889,0.00353957,0.00094789,155,30.69,2588.9,3539.6,13.647
27,16,722,0.00247339,0.00355513,0.00094343,176,24.38,2473.4,3555.1,13.2
27,17,596,0.00242923,0.00354915,0.00104511,164,27.52,2429.2,3549.2,12.816
27,18,560,0.0025027,0.00356445,0.00098528,193,34.46,2502.7,3564.4,12.5
27,19,562,0.0024508,0.00357126,0.00105159,168,29.89,2450.8,3571.3,12.258
27,20,611,0.00256589,0.00357636,0.00098909,202,33.06,2565.9,3576.4,12.093
27,21,595,0.00283917,0.00357989,0.0007877,249,41.85,2839.2,3579.9,12.01
27,22,723,0.00256198,0.0035781,0.00096306,227,31.4,2562.0,3578.1,12.01
27,23,538,0.00255169,0.00359612,0.00091259,110,20.45,2551.7,3596.1,12.093
27,24,614,0.0023571,0.0035707,0.00102612,171,27.85,2357.1,3570.7,12.258
27,25,601,0.00271896,0.00359778,0.0008925,252,41.93,2719.0,3597.8,12.5
27,26,603,0.00253904,0.00358315,0.00097081,132,21.89,2539.0,3583.2,12.816
27,27,694,0.00249002,0.00360953,0.00086079,129,18.59,2490.0,3609.5,13.2
27,28,648,0.00246252,0.00356124,0.00091399,126,19.44,2462.5,3561.2,13.647
27,29,487,0.0026441,0.00352073,0.000832,181,37.17,2644.1,3520.7,14.151
27,30,621,0.0024184,0.00349659,0.00089939,142,22.87,2418.4,3496.6,14.705
27,31,393,0.00244139,0.00350239,0.00077496,95,24.17,2441.4,3502.4,15.305
28,12,494,0.00256324,0.00341999,0.00073329,82,16.6,2563.2,3420.0,14.534
28,13,556,0.00249768,0.00351654,0.00093187,147,26.44,2497.7,3516.5,13.901
28,14,694,0.00256632,0.00358601,0.00093571,194,27.95,2566.3,3586.0,13.314
28,15,484,0.00237525,0.00354221,0.00103835,122,25.21,2375.2,3542.2,12.777
28,16,664,0.00271497,0.00360051,0.00080721,278,41.87,2715.0,3600.5,12.298
28,17,702,0.00245198,0.0035473,0.00098359,172,24.5,2452.0,3547.3,11.885
28,18,667,0.00260939,0.00361124,0.00091648,221,33.13,2609.4,3611.2,11.543
28,19,604,0.00251343,0.00354151,0.00094403,156,25.83,2513.4,3541.5,11.281
28,20,609,0.00248686,0.00361115,0.00100002,212,34.81,2486.9,3611.2,11.102
28,21,667,0.00254674,0.0036223,0.00098253,190,28.49,2546.7,3622.3,11.011
28,22,595,0.00248728,0.00357578,0.00100329,167,28.07,2487.3,3575.8,11.011
28,23,565,0.00244376,0.00358834,0.00105164,134,23.72,2443.8,3588.3,11.102
28,24,741,0.0025122,0.00359665,0.00093865,190,25.64,2512.2,3596.6,11.281
28,25,544,0.00256302,0.00357231,0.00092936,139,25.55,2563.0,3572.3,11.543
28,26,740,0.00273447,0.00360752,0.00082801,226,30.54,2734.5,3607.5,11.885
28,27,614,0.00254912,0.00361261,0.00087016,153,24.92,2549.1,3612.6,12.298
28,28,637,0.00245178,0.00354187,0.00086816,118,18.52,2451.8,3541.9,12.777
28,29,566,0.00244814,0.00354223,0.00101295,155,27.39,2448.1,3542.2,13.314
28,30,708,0.00251231,0.00351951,0.00088374,162,22.88,2512.3,3519.5,13.901
28,31,528,0.00245919,0.00350888,0.00079219,104,19.7,2459.2,3508.9,14.534
29,12,473,0.002399,0.003493,0.00085799,111,23.47,2399.0,3493.0,13.793
29,13,545,0.00227087,0.00353068,0.00101088,94,17.25,2270.9,3530.7,13.124
29,14,602,0.00271581,0.00351137,0.0008685,227,37.71,2715.8,3511.4,12.5
29,15,425,0.00240534,0.00361463,0.00105942,136,32.0,2405.3,3614.6,11.927
29,16,658,0.00250322,0.00359411,0.00095517,142,21.58,2503.2,3594.1,11.413
29,17,636,0.00232368,0.00356443,0.00106936,145,22.8,2323.7,3564.4,10.966
29,18,602,0.00239627,0.00358215,0.00104745,146,24.25,2396.3,3582.2,10.595
29,19,561,0.00257955,0.00358907,0.0009929,189,33.69,2579.5,3589.1,10.308
29,20,702,0.00257795,0.00365726,0.00101113,253,36.04,2578.0,3657.3,10.112
29,21,558,0.00284017,0.00355969,0.00074179,233,41.76,2840.2,3559.7,10.012
29,22,648,0.00225854,0.00363088,0.00108335,155,23.92,2258.5,3630.9,10.012
29,23,520,0.00259829,0.00354985,0.0008149,64,12.31,2598.3,3549.8,10.112
29,24,632,0.00231049,0.00365563,0.00096369,103,16.3,2310.5,3655.6,10.308
29,25,663,0.0026136,0.00356366,0.00091149,194,29.26,2613.6,3563.7,10.595
29,26,702,0.00268019,0.00354971,0.0009167,225,32.05,2680.2,3549.7,10.966
29,27,651,0.00258737,0.00350819,0.00086036,174,26.73,2587.4,3508.2,11.413
29,28,769,0.00237438,0.00354661,0.00087618,130,16.91,2374.4,3546.6,11.927
29,29,610,0.00262801,0.00351445,0.0008705,152,24.92,2628.0,3514.4,12.5
29,30,583,0.00227182,0.00349513,0.00093678,128,21.96,2271.8,3495.1,13.124
29,31,483,0.00257308,0.00352629,0.0007835,123,25.47,2573.1,3526.3,13.793
30,12,545,0.00247636,0.00347008,0.00074669,101,18.53,2476.4,3470.1,13.086
30,13,483,0.00248256,0.0035152,0.00091276,103,21.33,2482.6,3515.2,12.379
30,14,590,0.00245163,0.00352577,0.00102219,180,30.51,2451.6,3525.8,11.715
30,15,505,0.00237383,0.00350385,0.00105006,128,25.35,2373.8,3503.8,11.102
30,16,690,0.0026617,0.00359007,0.00079579,195,28.26,2661.7,3590.1,10.548
30,17,571,0.0023113,0.0035913,0.00105994,181,31.7,2311.3,3591.3,10.062
30,18,672,0.00253887,0.00355805,0.00093653,189,28.12,2538.9,3558.0,9.657
30,19,596,0.00252995,0.00360404,0.00095102,144,24.16,2530.0,3604.0,9.341
30,20,516,0.00259565,0.00357557,0.0009427,190,36.82,2595.6,3575.6,9.124
30,21,709,0.00260948,0.00356333,0.00091748,183,25.81,2609.5,3563.3,9.014
30,22,713,0.00254999,0.00358272,0.00095858,233,32.68,2550.0,3582.7,9.014
30,23,541,0.0024419,0.0035605,0.00105522,146,26.99,2441.9,3560.5,9.124
30,24,743,0.00258232,0.00353717,0.00085675,192,25.84,2582.3,3537.2,9.341
30,25,567,0.00263637,0.00355216,0.0009221,193,34.04,2636.4,3552.2,9.657
30,26,706,0.00266892,0.00356904,0.00086213,244,34.56,2668.9,3569.0,10.062
30,27,646,0.00259932,0.00357377,0.00092851,244,37.77,2599.3,3573.8,10.548
30,28,657,0.0023207,0.00353635,0.00095292,139,21.16,2320.7,3536.4,11.102
30,29,621,0.00236054,0.00350434,0.00099147,125,20.13,2360.5,3504.3,11.715
30,30,701,0.00247134,0.00349337,0.00089673,127,18.12,2471.3,3493.4,12.379
30,31,585,0.00249713,0.00354099,0.0008004,139,23.76,2497.1,3541.0,13.086
31,11,16,0.00187333,0.00304976,0.00049504,0,0.0,1873.3,3049.8,13.2
31,12,564,0.00251812,0.00355349,0.00082058,97,17.2,2518.1,3553.5,12.42
31,13,615,0.00252116,0.00351935,0.0008747,126,20.49,2521.2,3519.4,11.673
31,14,565,0.00256001,0.00353918,0.00093471,134,23.72,2560.0,3539.2,10.966
31,15,457,0.00232762,0.00360164,0.00116025,162,35.45,2327.6,3601.6,10.308
31,16,654,0.00245624,0.00358847,0.00102256,212,32.42,2456.2,3588.5,9.708
31,17,652,0.00240685,0.00352448,0.00102645,182,27.91,2406.8,3524.5,9.179
31,18,544,0.00240883,0.00355005,0.00098538,148,27.21,2408.8,3550.0,8.732
31,19,591,0.00260316,0.00363416,0.00099602,216,36.55,2603.2,3634.2,8.382
31,20,578,0.0026976,0.00361481,0.00094363,206,35.64,2697.6,3614.8,8.139
31,21,534,0.00274045,0.00352261,0.00078136,174,32.58,2740.5,3522.6,8.016
31,22,750,0.00225212,0.00363017,0.00112423,219,29.2,2252.1,3630.2,8.016
31,23,588,0.002504,0.00358408,0.00092175,116,19.73,2504.0,3584.1,8.139
31,24,581,0.00254904,0.00358442,0.00084231,137,23.58,2549.0,3584.4,8.382
31,25,515,0.0025497,0.00356797,0.00098856,157,30.49,2549.7,3568.0,8.732
31,26,601,0.00254402,0.00354301,0.00098955,186,30.95,2544.0,3543.0,9.179
31,27,720,0.00258384,0.00350139,0.0009149,248,34.44,2583.8,3501.4,9.708
31,28,702,0.0024202,0.0035589,0.00089649,131,18.66,2420.2,3558.9,10.308
31,29,764,0.00260808,0.0035042,0.00082738,168,21.99,2608.1,3504.2,10.966
31,30,660,0.00236431,0.00350775,0.00098324,146,22.12,2364.3,3507.8,11.673
31,31,594,0.00245524,0.00350395,0.00081049,133,22.39,2455.2,3504.0,12.42
31,32,38,0.0011776,0.00328633,0.00063354,3,7.89,1177.6,3286.3,13.2
32,11,38,0.00283403,0.00350136,0.00078259,11,28.95,2834.0,3501.4,12.619
32,12,609,0.00254612,0.00349202,0.00076986,87,14.29,2546.1,3492.0,11.8
32,13,662,0.00261359,0.0035259,0.00083106,129,19.49,2613.6,3525.9,11.011
32,14,613,0.0025838,0.00350078,0.00093714,211,34.42,2583.8,3500.8,10.259
32,15,514,0.0024657,0.00352443,0.00102979,179,34.82,2465.7,3524.4,9.552
32,16,737,0.00271125,0.00359776,0.00074786,155,21.03,2711.2,3597.8,8.902
32,17,536,0.00241749,0.00358175,0.00099454,148,27.61,2417.5,3581.8,8.322
32,18,673,0.00258403,0.0035307,0.00085253,201,29.87,2584.0,3530.7,7.826
32,19,584,0.00249477,0.00356227,0.00099368,165,28.25,2494.8,3562.3,7.433
32,20,531,0.00263974,0.00355926,0.00088154,210,39.55,2639.7,3559.3,7.159
32,21,621,0.00267386,0.00356255,0.00084687,150,24.15,2673.9,3562.6,7.018
32,22,557,0.00261051,0.00359064,0.00095921,177,31.78,2610.5,3590.6,7.018
32,23,415,0.00250066,0.00357668,0.00107118,118,28.43,2500.7,3576.7,7.159
32,24,708,0.00262974,0.00354198,0.00085242,182,25.71,2629.7,3542.0,7.433
32,25,632,0.00256674,0.00356127,0.00095824,200,31.65,2566.7,3561.3,7.826
32,26,724,0.00239473,0.00354027,0.00108157,265,36.6,2394.7,3540.3,8.322
32,27,614,0.00257068,0.00349416,0.0009803,207,33.71,2570.7,3494.2,8.902
32,28,702,0.00257783,0.00356591,0.00084649,141,20.09,2577.8,3565.9,9.552
32,29,764,0.00252024,0.00352445,0.00092551,171,22.38,2520.2,3524.4,10.259
32,30,569,0.00232702,0.00350728,0.00099564,80,14.06,2327.0,3507.3,11.011
32,31,665,0.00251262,0.00349415,0.0008909,170,25.56,2512.6,3494.2,11.8
32,32,123,0.00276507,0.0034759,0.00064436,52,42.28,2765.1,3475.9,12.619
33,11,163,0.00224395,0.0036134,0.00084571,25,15.34,2244.0,3613.4,12.093
33,12,598,0.00255765,0.00348887,0.00087297,128,21.4,2557.6,3488.9,11.236
33,13,612,0.00244157,0.00351147,0.00095258,145,23.69,2441.6,3511.5,10.404
33,14,621,0.0025963,0.00351696,0.00085402,150,24.15,2596.3,3517.0,9.605
33,15,441,0.00246774,0.003509,0.00104095,119,26.98,2467.7,3509.0,8.846
33,16,702,0.00242792,0.00356524,0.00100403,217,30.91,2427.9,3565.2,8.139
33,17,715,0.00248393,0.00353478,0.00098628,231,32.31,2483.9,3534.8,7.5
33,18,612,0.0024324,0.0035355,0.00096422,171,27.94,2432.4,3535.5,6.946
33,19,508,0.00259337,0.00362198,0.00098717,152,29.92,2593.4,3622.0,6.5
33,20,569,0.0026788,0.00353297,0.00097392,210,36.91,2678.8,3533.0,6.185
33,21,550,0.00264534,0.00352095,0.00086214,121,22.0,2645.3,3521.0,6.021
33,22,611,0.0024421,0.00361586,0.00105849,175,28.64,2442.1,3615.9,6.021
33,23,500,0.00220711,0.00354093,0.00112689,87,17.4,2207.1,3540.9,6.185
33,24,465,0.00256237,0.00357938,0.0009516,152,32.69,2562.4,3579.4,6.5
33,25,583,0.0025284,0.00356657,0.0009807,171,29.33,2528.4,3566.6,6.946
33,26,712,0.00252284,0.00356321,0.00103063,263,36.94,2522.8,3563.2,7.5
33,27,635,0.0026069,0.00350605,0.00095664,197,31.02,2606.9,3506.0,8.139
33,28,699,0.00267317,0.00354546,0.00077072,183,26.18,2673.2,3545.5,8.846
33,29,666,0.00260618,0.00350009,0.00081463,202,30.33,2606.2,3500.1,9.605
33,30,772,0.00242943,0.00350526,0.00092506,164,21.24,2429.4,3505.3,10.404
33,31,539,0.00239456,0.00350112,0.00089693,111,20.59,2394.6,3501.1,11.236
33,32,170,0.00254034,0.00354451,0.00072494,33,19.41,2540.3,3544.5,12.093
34,11,171,0.00263432,0.00358763,0.00070887,22,12.87,2634.3,3587.6,11.63
34,12,676,0.00257285,0.00354013,0.00079511,149,22.04,2572.8,3540.1,10.735
34,13,618,0.00261195,0.00352081,0.00086522,155,25.08,2612.0,3520.8,9.862
34,14,547,0.00257028,0.00353684,0.00095722,183,33.46,2570.3,3536.8,9.014
34,15,627,0.00254669,0.00354359,0.00099892,226,36.04,2546.7,3543.6,8.201
34,16,612,0.00256028,0.00356261,0.00091061,158,25.82,2560.3,3562.6,7.433
34,17,792,0.0024891,0.00357266,0.00098098,213,26.89,2489.1,3572.7,6.727
34,18,623,0.00247522,0.00355567,0.00092615,156,25.04,2475.2,3555.7,6.103
34,19,571,0.0025641,0.00352242,0.00091889,151,26.44,2564.1,3522.4,5.59
34,20,597,0.00259882,0.00350082,0.00090508,200,33.5,2598.8,3500.8,5.22
34,21,574,0.00262012,0.00361651,0.00090403,156,27.18,2620.1,3616.5,5.025
34,22,630,0.00270427,0.00356177,0.00092274,258,40.95,2704.3,3561.8,5.025
34,23,416,0.00245023,0.00354896,0.00099709,90,21.63,2450.2,3549.0,5.22
34,24,557,0.00254469,0.00356021,0.00098481,154,27.65,2544.7,3560.2,5.59
34,25,522,0.00236743,0.00354126,0.0011243,138,26.44,2367.4,3541.3,6.103
34,26,798,0.00242284,0.00354514,0.0010874,255,31.95,2422.8,3545.1,6.727
34,27,635,0.00255455,0.00359667,0.0010486,242,38.11,2554.6,3596.7,7.433
34,28,735,0.00246986,0.00354176,0.00096557,190,25.85,2469.9,3541.8,8.201
34,29,692,0.00260047,0.00349437,0.0008907,253,36.56,2600.5,3494.4,9.014
34,30,615,0.00236726,0.00349362,0.0010279,129,20.98,2367.3,3493.6,9.862
34,31,701,0.0025894,0.00351884,0.00083917,160,22.82,2589.4,3518.8,10.735
34,32,259,0.00255354,0.00352314,0.00070925,73,28.19,2553.5,3523.1,11.63
35,11,428,0.00240051,0.00354769,0.00079137,71,16.59,2400.5,3547.7,11.236
35,12,691,0.00248571,0.00351736,0.0008714,158,22.87,2485.7,3517.4,10.308
35,13,670,0.00237277,0.00353381,0.00104548,168,25.07,2372.8,3533.8,9.394
35,14,534,0.00246225,0.00352339,0.00094852,141,26.4,2462.2,3523.4,8.5
35,15,516,0.00246561,0.00353371,0.00103279,153,29.65,2465.6,3533.7,7.632
35,16,683,0.00242618,0.00352487,0.00100688,218,31.92,2426.2,3524.9,6.801
35,17,730,0.00233065,0.00357256,0.00102245,203,27.81,2330.6,3572.6,6.021
35,18,541,0.00235969,0.00356219,0.00101383,146,26.99,2359.7,3562.2,5.315
35,19,504,0.00254668,0.00356995,0.000972,132,26.19,2546.7,3570.0,4.717
35,20,513,0.00261723,0.00349558,0.00094481,164,31.97,2617.2,3495.6,4.272
35,21,438,0.00244264,0.00355544,0.00098378,87,19.86,2442.6,3555.4,4.031
35,22,694,0.0023679,0.00363271,0.00106439,157,22.62,2367.9,3632.7,4.031
35,23,521,0.00219861,0.00358187,0.00114182,91,17.47,2198.6,3581.9,4.272
35,24,481,0.0025512,0.00358976,0.00099453,157,32.64,2551.2,3589.8,4.717
35,25,643,0.00249824,0.00353518,0.00100164,211,32.81,2498.2,3535.2,5.315
35,26,723,0.00260851,0.00351109,0.00099831,260,35.96,2608.5,3511.1,6.021
35,27,635,0.00255495,0.00355094,0.00100721,217,34.17,2555.0,3550.9,6.801
35,28,631,0.00244626,0.00348686,0.00099794,157,24.88,2446.3,3486.9,7.632
35,29,622,0.00255603,0.00348421,0.0008519,162,26.05,2556.0,3484.2,8.5
35,30,735,0.00236409,0.00352167,0.000966,168,22.86,2364.1,3521.7,9.394
35,31,566,0.00255239,0.0035053,0.00086175,137,24.2,2552.4,3505.3,10.308
35,32,365,0.0025157,0.00349613,0.00073414,80,21.92,2515.7,3496.1,11.236
36,11,380,0.00247771,0.00359133,0.00069424,32,8.42,2477.7,3591.3,10.92
36,12,757,0.00241773,0.00353516,0.00089305,104,13.74,2417.7,3535.2,9.962
36,13,549,0.0025666,0.00350393,0.00089985,130,23.68,2566.6,3503.9,9.014
36,14,527,0.00232659,0.00346657,0.00102682,143,27.13,2326.6,3466.6,8.078
36,15,629,0.00244669,0.00351494,0.0010159,151,24.01,2446.7,3514.9,7.159
36,16,485,0.00256927,0.00357169,0.00096582,144,29.69,2569.3,3571.7,6.265
36,17,796,0.00240181,0.00354759,0.0009819,175,21.98,2401.8,3547.6,5.408
36,18,479,0.00251231,0.00354064,0.00087771,112,23.38,2512.3,3540.6,4.61
36,19,458,0.00255905,0.00354829,0.00091438,136,29.69,2559.0,3548.3,3.905
36,20,562,0.00260837,0.00351887,0.00088061,184,32.74,2608.4,3518.9,3.354
36,21,494,0.00260565,0.0035752,0.00092227,123,24.9,2605.6,3575.2,3.041
36,22,603,0.00262127,0.00351696,0.00092903,195,32.34,2621.3,3517.0,3.041
36,23,471,0.00230266,0.00352854,0.00112141,95,20.17,2302.7,3528.5,3.354
36,24,597,0.00252877,0.00355928,0.00091602,149,24.96,2528.8,3559.3,3.905
36,25,570,0.00243949,0.00351056,0.00104513,191,33.51,2439.5,3510.6,4.61
36,26,583,0.00256634,0.00350295,0.00106987,211,36.19,2566.3,3503.0,5.408
36,27,676,0.00244503,0.00352631,0.00105209,158,23.37,2445.0,3526.3,6.265
36,28,637,0.0024959,0.00351496,0.00092558,136,21.35,2495.9,3515.0,7.159
36,29,636,0.00254431,0.00349711,0.00087271,164,25.79,2544.3,3497.1,8.078
36,30,666,0.00251744,0.00351085,0.00096484,199,29.88,2517.4,3510.8,9.014
36,31,671,0.00263866,0.00351721,0.00079689,135,20.12,2638.7,3517.2,9.962
36,32,331,0.00238798,0.00345097,0.00071169,41,12.39,2388.0,3451.0,10.92
37,11,466,0.00245713,0.00361557,0.00068203,77,16.52,2457.1,3615.6,10.689
37,12,687,0.00251799,0.00348933,0.00088753,130,18.92,2518.0,3489.3,9.708
37,13,616,0.00252816,0.00352979,0.00095802,160,25.97,2528.2,3529.8,8.732
37,14,561,0.00227104,0.00359549,0.00102731,118,21.03,2271.0,3595.5,7.762
37,15,703,0.0024298,0.00353322,0.00096454,157,22.33,2429.8,3533.2,6.801
37,16,717,0.00251501,0.00353488,0.00097606,186,25.94,2515.0,3534.9,5.852
37,17,606,0.00243405,0.00360505,0.00096053,141,23.27,2434.0,3605.0,4.924
37,18,570,0.00236872,0.00355858,0.00101412,130,22.81,2368.7,3558.6,4.031
37,19,506,0.00253476,0.00357046,0.00093803,150,29.64,2534.8,3570.5,3.202
37,20,525,0.0025746,0.00350655,0.00093379,163,31.05,2574.6,3506.6,2.5
37,21,421,0.00250441,0.00358405,0.00088587,79,18.76,2504.4,3584.0,2.062
37,22,736,0.00243398,0.0035336,0.0009837,202,27.45,2434.0,3533.6,2.062
37,23,457,0.00220322,0.00356481,0.00112176,113,24.73,2203.2,3564.8,2.5
37,24,595,0.00238152,0.00356464,0.00105468,137,23.03,2381.5,3564.6,3.202
37,25,685,0.00272289,0.0035337,0.00086604,205,29.93,2722.9,3533.7,4.031
37,26,579,0.00257449,0.00353193,0.00098796,208,35.92,2574.5,3531.9,4.924
37,27,604,0.00242256,0.00354259,0.00106298,156,25.83,2422.6,3542.6,5.852
37,28,671,0.00240944,0.00352323,0.00097263,121,18.03,2409.4,3523.2,6.801
37,29,574,0.0023541,0.00348416,0.00093755,73,12.72,2354.1,3484.2,7.762
37,30,761,0.00240289,0.00350225,0.00090897,160,21.02,2402.9,3502.2,8.732
37,31,578,0.00256931,0.00353855,0.00081019,91,15.74,2569.3,3538.6,9.708
37,32,474,0.00237539,0.00357506,0.00083705,89,18.78,2375.4,3575.1,10.689
38,11,442,0.00243842,0.00351974,0.00083119,60,13.57,2438.4,3519.7,10.548
38,12,690,0.00243026,0.00347263,0.00081882,98,14.2,2430.3,3472.6,9.552
38,13,611,0.00258833,0.00351849,0.00088491,167,27.33,2588.3,3518.5,8.559
38,14,662,0.00243202,0.00356338,0.00086257,120,18.13,2432.0,3563.4,7.566
38,15,537,0.0025157,0.00352293,0.00105499,188,35.01,2515.7,3522.9,6.576
38,16,601,0.00257961,0.00354836,0.00091006,173,28.79,2579.6,3548.4,5.59
38,17,688,0.00241354,0.00355378,0.00101203,187,27.18,2413.5,3553.8,4.61
38,18,498,0.00243171,0.00352344,0.00092883,100,20.08,2431.7,3523.4,3.64
38,19,443,0.00263422,0.0035357,0.00092727,171,38.6,2634.2,3535.7,2.693
38,20,468,0.0025001,0.00350581,0.0010157,138,29.49,2500.1,3505.8,1.803
38,21,462,0.00256364,0.00355779,0.00096419,123,26.62,2563.6,3557.8,1.118
38,22,514,0.00266851,0.00358601,0.00086705,179,34.82,2668.5,3586.0,1.118
38,23,534,0.0023954,0.00346897,0.00102065,122,22.85,2395.4,3469.0,1.803
38,24,543,0.00252836,0.00354921,0.00090471,173,31.86,2528.4,3549.2,2.693
38,25,584,0.00262493,0.0035358,0.00094345,195,33.39,2624.9,3535.8,3.64
38,26,507,0.00254347,0.00350011,0.00104733,177,34.91,2543.5,3500.1,4.61
38,27,625,0.00255669,0.00350102,0.00102236,204,32.64,2556.7,3501.0,5.59
38,28,611,0.00281837,0.00353439,0.00073764,227,37.15,2818.4,3534.4,6.576
38,29,624,0.00252005,0.00346237,0.00087271,175,28.04,2520.0,3462.4,7.566
38,30,684,0.00257661,0.0035318,0.00094489,222,32.46,2576.6,3531.8,8.559
38,31,560,0.00257172,0.00348573,0.00084493,113,20.18,2571.7,3485.7,9.552
38,32,533,0.00250686,0.00357,0.00066605,73,13.7,2506.9,3570.0,10.548
39,11,379,0.00256014,0.00362548,0.00070659,59,15.57,2560.1,3625.5,10.5
39,12,640,0.00253835,0.00352844,0.00083358,102,15.94,2538.4,3528.4,9.5
39,13,659,0.00261323,0.00346998,0.00089168,188,28.53,2613.2,3470.0,8.5
39,14,636,0.00239681,0.0035777,0.00091209,131,20.6,2396.8,3577.7,7.5
39,15,768,0.00245077,0.00351117,0.00096171,129,16.8,2450.8,3511.2,6.5
39,16,881,0.00245732,0.00355258,0.00098448,245,27.81,2457.3,3552.6,5.5
39,17,509,0.0025695,0.00359793,0.00096188,187,36.74,2569.5,3597.9,4.5
39,18,516,0.00246203,0.00356885,0.00098565,111,21.51,2462.0,3568.8,3.5
39,19,421,0.00255011,0.00349839,0.00094331,111,26.37,2550.1,3498.4,2.5
39,20,507,0.00253417,0.00351968,0.00094764,161,31.76,2534.2,3519.7,1.5
39,21,415,0.00244107,0.003523,0.00095245,97,23.37,2441.1,3523.0,0.5
39,22,643,0.00244428,0.00354661,0.00099425,131,20.37,2444.3,3546.6,0.5
39,23,507,0.00233959,0.00356792,0.00106686,91,17.95,2339.6,3567.9,1.5
39,24,587,0.00246001,0.0035848,0.00102766,129,21.98,2460.0,3584.8,2.5
39,25,562,0.00270921,0.00355473,0.00087829,171,30.43,2709.2,3554.7,3.5
39,26,489,0.00262853,0.00352084,0.00094597,145,29.65,2628.5,3520.8,4.5
39,27,567,0.00268105,0.00351822,0.00093057,181,31.92,2681.0,3518.2,5.5
39,28,606,0.0025659,0.00354881,0.00093275,179,29.54,2565.9,3548.8,6.5
39,29,534,0.00227479,0.00347738,0.0010064,77,14.42,2274.8,3477.4,7.5
39,30,708,0.00248281,0.00351763,0.0008628,175,24.72,2482.8,3517.6,8.5
39,31,531,0.00253481,0.00350378,0.00080816,81,15.25,2534.8,3503.8,9.5
39,32,568,0.00251335,0.00360178,0.00080721,140,24.65,2513.4,3601.8,10.5
40,11,391,0.00241185,0.003516,0.00085916,60,15.35,2411.8,3516.0,10.548
40,12,663,0.00238417,0.00349314,0.00085392,83,12.52,2384.2,3493.1,9.552
40,13,510,0.0024652,0.00350369,0.00094242,133,26.08,2465.2,3503.7,8.559
40,14,606,0.00251726,0.0036065,0.00086266,84,13.86,2517.3,3606.5,7.566
40,15,543,0.00252074,0.00352189,0.00093427,110,20.26,2520.7,3521.9,6.576
40,16,684,0.0025718,0.00354644,0.00089676,159,23.25,2571.8,3546.4,5.59
40,17,628,0.00260212,0.0035397,0.00095139,218,34.71,2602.1,3539.7,4.61
40,18,535,0.00241965,0.00354469,0.00094344,102,19.07,2419.6,3544.7,3.64
40,19,438,0.00262002,0.0035143,0.00097595,154,35.16,2620.0,3514.3,2.693
40,20,436,0.0025635,0.00350135,0.00093417,82,18.81,2563.5,3501.4,1.803
40,21,396,0.00265641,0.00349107,0.00082715,80,20.2,2656.4,3491.1,1.118
40,22,679,0.00268576,0.00354803,0.00072443,149,21.94,2685.8,3548.0,1.118
40,23,575,0.00260487,0.00350249,0.0008349,99,17.22,2604.9,3502.5,1.803
40,24,551,0.00254632,0.0036419,0.00093435,140,25.41,2546.3,3641.9,2.693
40,25,577,0.00264628,0.00357331,0.0009544,196,33.97,2646.3,3573.3,3.64
40,26,508,0.00260253,0.00351611,0.00098048,141,27.76,2602.5,3516.1,4.61
40,27,639,0.0026628,0.00357866,0.00088809,233,36.46,2662.8,3578.7,5.59
40,28,518,0.0027335,0.00352258,0.00080665,192,37.07,2733.5,3522.6,6.576
40,29,487,0.0024272,0.00359556,0.00090007,78,16.02,2427.2,3595.6,7.566
40,30,578,0.00269593,0.00349161,0.00086274,225,38.93,2695.9,3491.6,8.559
40,31,574,0.00255379,0.00350364,0.00084827,105,18.29,2553.8,3503.6,9.552
40,32,548,0.00237354,0.00356079,0.00078295,89,16.24,2373.5,3560.8,10.548
41,11,352,0.00257038,0.00362076,0.00079199,74,21.02,2570.4,3620.8,10.689
41,12,675,0.00245075,0.00353412,0.00087657,101,14.96,2450.8,3534.1,9.708
41,13,655,0.00252121,0.00350614,0.00087203,160,24.43,2521.2,3506.1,8.732
41,14,693,0.0024613,0.0036557,0.00087639,159,22.94,2461.3,3655.7,7.762
41,15,659,0.00248937,0.00351263,0.00095463,110,16.69,2489.4,3512.6,6.801
41,16,898,0.00258622,0.00354931,0.00091813,221,24.61,2586.2,3549.3,5.852
41,17,550,0.00265101,0.00357775,0.00095583,209,38.0,2651.0,3577.8,4.924
41,18,491,0.00244905,0.00355263,0.00096556,120,24.44,2449.0,3552.6,4.031
41,19,407,0.00256504,0.00350578,0.00104854,141,34.64,2565.0,3505.8,3.202
41,20,564,0.0025763,0.00351924,0.00093683,160,28.37,2576.3,3519.2,2.5
41,21,574,0.00249409,0.00351569,0.00097661,161,28.05,2494.1,3515.7,2.062
41,22,652,0.00258906,0.00350626,0.00083527,113,17.33,2589.1,3506.3,2.062
41,23,635,0.0025951,0.00353548,0.00095196,187,29.45,2595.1,3535.5,2.5
41,24,618,0.00254137,0.00355138,0.00103681,214,34.63,2541.4,3551.4,3.202
41,25,432,0.0024477,0.00352003,0.0009773,121,28.01,2447.7,3520.0,4.031
41,26,556,0.00270787,0.00358539,0.00089496,230,41.37,2707.9,3585.4,4.924
41,27,616,0.00268844,0.00350978,0.00095568,244,39.61,2688.4,3509.8,5.852
41,28,539,0.00257172,0.00356887,0.00097959,167,30.98,2571.7,3568.9,6.801
41,29,576,0.00238511,0.00345409,0.00099913,161,27.95,2385.1,3454.1,7.762
41,30,630,0.0025655,0.0034885,0.00088553,182,28.89,2565.5,3488.5,8.732
41,31,637,0.00253345,0.00348304,0.00088469,131,20.57,2533.4,3483.0,9.708
41,32,409,0.00259922,0.00359998,0.00078112,117,28.61,2599.2,3600.0,10.689
42,11,369,0.00262867,0.00347959,0.00069202,64,17.34,2628.7,3479.6,10.92
42,12,678,0.00237595,0.00353781,0.0008795,85,12.54,2376.0,3537.8,9.962
42,13,514,0.00249145,0.00351534,0.00093236,125,24.32,2491.5,3515.3,9.014
42,14,657,0.00242323,0.00348397,0.0008742,93,14.16,2423.2,3484.0,8.078
42,15,498,0.00238641,0.00357982,0.00103711,122,24.5,2386.4,3579.8,7.159
42,16,809,0.00259247,0.00354497,0.00083237,193,23.86,2592.5,3545.0,6.265
42,17,481,0.00259681,0.00355726,0.00095764,176,36.59,2596.8,3557.3,5.408
42,18,568,0.00251029,0.00356926,0.00096868,143,25.18,2510.3,3569.3,4.61
42,19,454,0.00265792,0.00353689,0.00099718,165,36.34,2657.9,3536.9,3.905
42,20,443,0.00268101,0.00349971,0.00081197,116,26.19,2681.0,3499.7,3.354
42,21,670,0.00249395,0.0035303,0.00093149,83,12.39,2494.0,3530.3,3.041
42,22,541,0.00251907,0.00352239,0.00093813,166,30.68,2519.1,3522.4,3.041
42,23,615,0.00263876,0.0035502,0.0008526,153,24.88,2638.8,3550.2,3.354
42,24,499,0.00256321,0.00359889,0.00099098,203,40.68,2563.2,3598.9,3.905
42,25,540,0.00269813,0.00357133,0.00088298,203,37.59,2698.1,3571.3,4.61
42,26,433,0.00260492,0.00350845,0.00090996,110,25.4,2604.9,3508.4,5.408
42,27,766,0.00271585,0.00356667,0.00085436,249,32.51,2715.8,3566.7,6.265
42,28,467,0.00257053,0.00344431,0.00092434,128,27.41,2570.5,3444.3,7.159
42,29,549,0.00244949,0.0036019,0.00091074,90,16.39,2449.5,3601.9,8.078
42,30,661,0.00261351,0.00348173,0.00077541,192,29.05,2613.5,3481.7,9.014
42,31,595,0.00241948,0.00346205,0.00084761,92,15.46,2419.5,3462.0,9.962
42,32,349,0.00246017,0.00358023,0.00080344,86,24.64,2460.2,3580.2,10.92
43,11,350,0.00259806,0.00359064,0.00077677,65,18.57,2598.1,3590.6,11.236
43,12,751,0.0024874,0.00356621,0.00085044,155,20.64,2487.4,3566.2,10.308
43,13,599,0.00255642,0.00348526,0.00081548,125,20.87,2556.4,3485.3,9.394
43,14,659,0.0024036,0.00351924,0.00092081,170,25.8,2403.6,3519.2,8.5
43,15,643,0.00242216,0.00351158,0.00097492,126,19.6,2422.2,3511.6,7.632
43,16,882,0.00273941,0.00355086,0.00083314,322,36.51,2739.4,3550.9,6.801
43,17,462,0.00273972,0.00360593,0.00092018,192,41.56,2739.7,3605.9,6.021
43,18,564,0.00248318,0.00355903,0.00090116,97,17.2,2483.2,3559.0,5.315
43,19,436,0.00239989,0.00353297,0.00101975,116,26.61,2399.9,3533.0,4.717
43,20,626,0.00255309,0.00355819,0.0009626,182,29.07,2553.1,3558.2,4.272
43,21,651,0.00253318,0.00352514,0.00092729,156,23.96,2533.2,3525.1,4.031
43,22,577,0.00256614,0.00350801,0.00087122,153,26.52,2566.1,3508.0,4.031
43,23,612,0.00275056,0.00356232,0.00086745,254,41.5,2750.6,3562.3,4.272
43,24,688,0.0025845,0.00356687,0.0009512,234,34.01,2584.5,3566.9,4.717
43,25,483,0.00256442,0.00357582,0.00094573,177,36.65,2564.4,3575.8,5.315
43,26,522,0.00251252,0.00349807,0.00093005,125,23.95,2512.5,3498.1,6.021
43,27,691,0.00256851,0.00351638,0.00095893,224,32.42,2568.5,3516.4,6.801
43,28,428,0.00251679,0.00354223,0.00096759,123,28.74,2516.8,3542.2,7.632
43,29,682,0.0025051,0.00345732,0.00093575,183,26.83,2505.1,3457.3,8.5
43,30,666,0.0025317,0.00347766,0.00091635,171,25.68,2531.7,3477.7,9.394
43,31,722,0.00246688,0.00349405,0.00088714,88,12.19,2466.9,3494.0,10.308
43,32,426,0.00254682,0.00356215,0.00084713,134,31.46,2546.8,3562.2,11.236
44,11,484,0.00243688,0.00357839,0.00069958,42,8.68,2436.9,3578.4,11.63
44,12,571,0.00241593,0.00344396,0.00085224,68,11.91,2415.9,3444.0,10.735
44,13,532,0.00249032,0.00351267,0.0009289,77,14.47,2490.3,3512.7,9.862
44,14,689,0.00245697,0.00354011,0.00087983,111,16.11,2457.0,3540.1,9.014
44,15,566,0.00247084,0.00352408,0.00097973,131,23.14,2470.8,3524.1,8.201
44,16,745,0.00262276,0.00356262,0.00081817,181,24.3,2622.8,3562.6,7.433
44,17,439,0.00260037,0.00351465,0.00094202,167,38.04,2600.4,3514.6,6.727
44,18,595,0.0025702,0.00353013,0.0009277,169,28.4,2570.2,3530.1,6.103
44,19,456,0.00245642,0.00357426,0.00101585,155,33.99,2456.4,3574.3,5.59
44,20,527,0.00274838,0.00352853,0.00085151,211,40.04,2748.4,3528.5,5.22
44,21,682,0.00270859,0.00351546,0.00081556,161,23.61,2708.6,3515.5,5.025
44,22,576,0.00247831,0.0034978,0.00093027,116,20.14,2478.3,3497.8,5.025
44,23,701,0.00268911,0.00352854,0.00083764,214,30.53,2689.1,3528.5,5.22
44,24,514,0.00252018,0.00356774,0.00093953,153,29.77,2520.2,3567.7,5.59
44,25,525,0.00257016,0.00354471,0.00100239,206,39.24,2570.2,3544.7,6.103
44,26,480,0.00230288,0.00349529,0.00101481,122,25.42,2302.9,3495.3,6.727
44,27,818,0.002629,0.0035675,0.00083346,225,27.51,2629.0,3567.5,7.433
44,28,489,0.00259954,0.00348937,0.0009247,145,29.65,2599.5,3489.4,8.201
44,29,623,0.00263008,0.00359941,0.00084284,201,32.26,2630.1,3599.4,9.014
44,30,617,0.00244177,0.00346201,0.00085709,120,19.45,2441.8,3462.0,9.862
44,31,606,0.00234887,0.00344315,0.0008583,86,14.19,2348.9,3443.2,10.735
44,32,424,0.00263602,0.0035269,0.00077424,111,26.18,2636.0,3526.9,11.63
45,11,322,0.00221806,0.00356704,0.000839,24,7.45,2218.1,3567.0,12.093
45,12,549,0.00250726,0.00342516,0.00084579,59,10.75,2507.3,3425.2,11.236
45,13,609,0.00263662,0.00352498,0.00078928,137,22.5,2636.6,3525.0,10.404
45,14,707,0.00267087,0.00352367,0.00081031,149,21.07,2670.9,3523.7,9.605
45,15,640,0.00229763,0.00351598,0.0010339,112,17.5,2297.6,3516.0,8.846
45,16,801,0.0026874,0.00352608,0.00090025,310,38.7,2687.4,3526.1,8.139
45,17,475,0.00275562,0.00352946,0.00089996,189,39.79,2755.6,3529.5,7.5
45,18,631,0.00253258,0.00353361,0.00091898,152,24.09,2532.6,3533.6,6.946
45,19,600,0.00248243,0.00353151,0.00094268,216,36.0,2482.4,3531.5,6.5
45,20,564,0.00253654,0.00359567,0.00089899,147,26.06,2536.5,3595.7,6.185
45,21,492,0.00271625,0.00352263,0.00082077,149,30.28,2716.2,3522.6,6.021
45,22,524,0.00244154,0.00349006,0.00097638,94,17.94,2441.5,3490.1,6.021
45,23,657,0.00275305,0.00351447,0.00080052,211,32.12,2753.0,3514.5,6.185
45,24,584,0.00243439,0.00358445,0.00098626,148,25.34,2434.4,3584.4,6.5
45,25,498,0.00254108,0.00350612,0.00095056,150,30.12,2541.1,3506.1,6.946
45,26,580,0.00241308,0.00349775,0.00100068,164,28.28,2413.1,3497.8,7.5
45,27,667,0.00258088,0.00351132,0.00086262,135,20.24,2580.9,3511.3,8.139
45,28,459,0.00257933,0.00347669,0.00089902,114,24.84,2579.3,3476.7,8.846
45,29,713,0.0026429,0.00347737,0.00083392,190,26.65,2642.9,3477.4,9.605
45,30,682,0.00252731,0.00345538,0.00084884,139,20.38,2527.3,3455.4,10.404
45,31,766,0.00230283,0.00353894,0.0008924,84,10.97,2302.8,3538.9,11.236
45,32,327,0.00278553,0.00358336,0.00069193,139,42.51,2785.5,3583.4,12.093
46,11,304,0.00245071,0.00351474,0.00072236,24,7.89,2450.7,3514.7,12.619
46,12,660,0.00239984,0.00339691,0.00085365,104,15.76,2399.8,3396.9,11.8
46,13,530,0.00237463,0.00350069,0.00099289,109,20.57,2374.6,3500.7,11.011
46,14,595,0.00236242,0.00359139,0.00089908,89,14.96,2362.4,3591.4,10.259
46,15,500,0.00255714,0.0036236,0.00089081,157,31.4,2557.1,3623.6,9.552
46,16,673,0.00251857,0.00351728,0.00087958,104,15.45,2518.6,3517.3,8.902
46,17,501,0.00252833,0.0035333,0.00095732,151,30.14,2528.3,3533.3,8.322
46,18,634,0.00277155,0.00361083,0.00078178,258,40.69,2771.5,3610.8,7.826
46,19,593,0.0023781,0.00360304,0.00097814,131,22.09,2378.1,3603.0,7.433
46,20,575,0.00265613,0.00353471,0.00087152,169,29.39,2656.1,3534.7,7.159
46,21,681,0.00274581,0.00353384,0.00080633,182,26.73,2745.8,3533.8,7.018
46,22,566,0.00235475,0.00357698,0.0009304,79,13.96,2354.8,3577.0,7.018
46,23,625,0.00266868,0.0035555,0.00088594,263,42.08,2668.7,3555.5,7.159
46,24,603,0.00255197,0.00351538,0.00092471,208,34.49,2552.0,3515.4,7.433
46,25,550,0.00256882,0.00354197,0.00097954,136,24.73,2568.8,3542.0,7.826
46,26,592,0.00241536,0.00348834,0.0009951,166,28.04,2415.4,3488.3,8.322
46,27,695,0.00259545,0.00359921,0.00084422,138,19.86,2595.4,3599.2,8.902
46,28,475,0.00246666,0.00355543,0.00089157,141,29.68,2466.7,3555.4,9.552
46,29,573,0.00263493,0.00359571,0.00083376,176,30.72,2634.9,3595.7,10.259
46,30,719,0.00241082,0.00355563,0.00088926,91,12.66,2410.8,3555.6,11.011
46,31,654,0.00237062,0.00346195,0.00089581,126,19.27,2370.6,3462.0,11.8
46,32,285,0.00275812,0.00358289,0.00062627,93,32.63,2758.1,3582.9,12.619
47,11,120,0.00204057,0.00357735,0.00084853,2,1.67,2040.6,3577.4,13.2
47,12,673,0.00246854,0.00352474,0.00074357,59,8.77,2468.5,3524.7,12.42
47,13,650,0.00251243,0.00350756,0.00089414,145,22.31,2512.4,3507.6,11.673
47,14,756,0.00254639,0.00352435,0.00089055,152,20.11,2546.4,3524.4,10.966
47,15,667,0.00252917,0.00353121,0.0008662,125,18.74,2529.2,3531.2,10.308
47,16,729,0.00270997,0.00350761,0.00084899,193,26.47,2710.0,3507.6,9.708
47,17,522,0.00264282,0.00351022,0.00091513,166,31.8,2642.8,3510.2,9.179
47,18,744,0.00234948,0.00356303,0.0010609,173,23.25,2349.5,3563.0,8.732
47,19,732,0.00253553,0.00354171,0.00097935,256,34.97,2535.5,3541.7,8.382
47,20,584,0.00251911,0.00353166,0.00098484,162,27.74,2519.1,3531.7,8.139
47,21,538,0.00253455,0.0034921,0.00092848,178,33.09,2534.6,3492.1,8.016
47,22,535,0.00264673,0.00349967,0.00089118,173,32.34,2646.7,3499.7,8.016
47,23,592,0.0027017,0.00349415,0.00084984,212,35.81,2701.7,3494.2,8.139
47,24,559,0.00236523,0.00357086,0.00097817,117,20.93,2365.2,3570.9,8.382
47,25,551,0.00256251,0.00353044,0.00084157,85,15.43,2562.5,3530.4,8.732
47,26,648,0.00249755,0.00351088,0.00101058,198,30.56,2497.5,3510.9,9.179
47,27,640,0.00265012,0.00350864,0.00083409,180,28.12,2650.1,3508.6,9.708
47,28,503,0.00257171,0.00347736,0.00082803,151,30.02,2571.7,3477.4,10.308
47,29,652,0.00256946,0.00348474,0.00091303,196,30.06,2569.5,3484.7,10.966
47,30,639,0.00262351,0.00347504,0.000751,130,20.34,2623.5,3475.0,11.673
47,31,577,0.00226605,0.00349945,0.0008988,84,14.56,2266.0,3499.4,12.42
47,32,146,0.00272987,0.00352645,0.0005859,53,36.3,2729.9,3526.4,13.2
48,11,14,0.00302963,0.00312176,0.00030308,0,0.0,3029.6,3121.8,13.829
48,12,513,0.00235214,0.00355615,0.00073509,55,10.72,2352.1,3556.2,13.086
48,13,531,0.00252855,0.00351075,0.00096388,126,23.73,2528.6,3510.8,12.379
48,14,588,0.00231724,0.00352329,0.00087766,62,10.54,2317.2,3523.3,11.715
48,15,520,0.00248659,0.00352814,0.00091488,119,22.88,2486.6,3528.1,11.102
48,16,645,0.00246299,0.00347835,0.00094894,155,24.03,2463.0,3478.4,10.548
48,17,642,0.00237831,0.00359591,0.00099028,139,21.65,2378.3,3595.9,10.062
48,18,795,0.00249896,0.00359584,0.00094061,204,25.66,2499.0,3595.8,9.657
48,19,641,0.00255463,0.00358147,0.00096275,195,30.42,2554.6,3581.5,9.341
48,20,635,0.00250294,0.00353658,0.00099164,189,29.76,2502.9,3536.6,9.124
48,21,748,0.00263632,0.00351625,0.00092408,143,19.12,2636.3,3516.2,9.014
48,22,657,0.00244549,0.00349529,0.00101165,171,26.03,2445.5,3495.3,9.014
48,23,650,0.00259163,0.00355304,0.00088235,197,30.31,2591.6,3553.0,9.124
48,24,549,0.00244155,0.00357331,0.00099929,147,26.78,2441.5,3573.3,9.341
48,25,573,0.00260655,0.00352002,0.00087537,142,24.78,2606.6,3520.0,9.657
48,26,635,0.00254932,0.00349239,0.00087639,208,32.76,2549.3,3492.4,10.062
48,27,575,0.00265092,0.00355636,0.0008242,135,23.48,2650.9,3556.4,10.548
48,28,536,0.00248252,0.00355501,0.00084638,102,19.03,2482.5,3555.0,11.102
48,29,707,0.00261843,0.00347039,0.00089294,208,29.42,2618.4,3470.4,11.715
48,30,646,0.00248302,0.00349554,0.00089473,90,13.93,2483.0,3495.5,12.379
48,31,533,0.00227484,0.00343067,0.00081033,58,10.88,2274.8,3430.7,13.086
48,32,2,0.00279495,0.00316971,0.00052998,0,0.0,2795.0,3169.7,13.829
49,12,472,0.00246964,0.00357318,0.00073878,88,18.64,2469.6,3573.2,13.793
49,13,533,0.00252331,0.00351917,0.0009093,120,22.51,2523.3,3519.2,13.124
49,14,603,0.00237299,0.00351273,0.00094541,112,18.57,2373.0,3512.7,12.5
49,15,720,0.00241396,0.00353759,0.00095181,185,25.69,2414.0,3537.6,11.927
49,16,586,0.00260302,0.00351719,0.00091971,195,33.28,2603.0,3517.2,11.413
49,17,529,0.00266067,0.00351941,0.00087991,169,31.95,2660.7,3519.4,10.966
49,18,724,0.00234889,0.00354042,0.00106786,189,26.1,2348.9,3540.4,10.595
49,19,700,0.00249032,0.00353685,0.00098597,232,33.14,2490.3,3536.8,10.308
49,20,592,0.00222658,0.00351669,0.00106345,106,17.91,2226.6,3516.7,10.112
49,21,600,0.00233887,0.00349934,0.00099122,84,14.0,2338.9,3499.3,10.012
49,22,592,0.00250335,0.00352998,0.00095112,160,27.03,2503.4,3530.0,10.012
49,23,572,0.00248851,0.00349977,0.00092506,121,21.15,2488.5,3499.8,10.112
49,24,651,0.00249049,0.00355779,0.00092596,137,21.04,2490.5,3557.8,10.308
49,25,529,0.00263327,0.00355516,0.00083886,149,28.17,2633.3,3555.2,10.595
49,26,658,0.00261704,0.00355641,0.0009025,187,28.42,2617.0,3556.4,10.966
49,27,822,0.002524,0.0034686,0.00091447,129,15.69,2524.0,3468.6,11.413
49,28,610,0.00252456,0.00347683,0.00083126,134,21.97,2524.6,3476.8,11.927
49,29,777,0.00257111,0.00349528,0.00081269,172,22.14,2571.1,3495.3,12.5
49,30,717,0.00252718,0.00347553,0.00086486,119,16.6,2527.2,3475.5,13.124
49,31,636,0.00236222,0.00355225,0.00072274,100,15.72,2362.2,3552.2,13.793
50,12,476,0.00260478,0.00357242,0.00070179,97,20.38,2604.8,3572.4,14.534
50,13,637,0.00253218,0.00350821,0.00093871,141,22.14,2532.2,3508.2,13.901
50,14,465,0.00230167,0.00360676,0.00098695,97,20.86,2301.7,3606.8,13.314
50,15,565,0.00257553,0.00358567,0.00088712,157,27.79,2575.5,3585.7,12.777
50,16,579,0.00246311,0.00352246,0.00096122,146,25.22,2463.1,3522.5,12.298
50,17,607,0.0024204,0.00360904,0.00096571,125,20.59,2420.4,3609.0,11.885
50,18,681,0.00230858,0.0035964,0.00099245,95,13.95,2308.6,3596.4,11.543
50,19,587,0.0026482,0.00357175,0.00087519,175,29.81,2648.2,3571.8,11.281
50,20,601,0.00234157,0.0035716,0.00108564,201,33.44,2341.6,3571.6,11.102
50,21,718,0.00260082,0.00355925,0.00092769,193,26.88,2600.8,3559.2,11.011
50,22,622,0.0024405,0.00355628,0.00097153,137,22.03,2440.5,3556.3,11.011
50,23,609,0.00249171,0.00352311,0.00091234,139,22.82,2491.7,3523.1,11.102
50,24,685,0.00250771,0.00352363,0.00088264,111,16.2,2507.7,3523.6,11.281
50,25,701,0.00261602,0.00356142,0.0008378,173,24.68,2616.0,3561.4,11.543
50,26,711,0.00258873,0.00356234,0.00088432,245,34.46,2588.7,3562.3,11.885
50,27,610,0.00267109,0.00346971,0.0008773,157,25.74,2671.1,3469.7,12.298
50,28,634,0.00251266,0.00353356,0.00086962,112,17.67,2512.7,3533.6,12.777
50,29,781,0.00247952,0.00347143,0.00090525,168,21.51,2479.5,3471.4,13.314
50,30,581,0.00252295,0.00346476,0.0008794,106,18.24,2523.0,3464.8,13.901
50,31,622,0.00246821,0.00353469,0.00077536,126,20.26,2468.2,3534.7,14.534
51,12,322,0.00246988,0.00344526,0.00081676,62,19.25,2469.9,3445.3,15.305
51,13,709,0.00253934,0.00359988,0.0008363,129,18.19,2539.3,3599.9,14.705
51,14,639,0.0023097,0.0035679,0.00095058,124,19.41,2309.7,3567.9,14.151
51,15,827,0.0024901,0.00349898,0.00087907,160,19.35,2490.1,3499.0,13.647
51,16,501,0.0025713,0.00350967,0.00092238,96,19.16,2571.3,3509.7,13.2
51,17,460,0.00252398,0.00360982,0.00097801,126,27.39,2524.0,3609.8,12.816
51,18,671,0.00242965,0.00350782,0.0010126,159,23.7,2429.6,3507.8,12.5
51,19,718,0.00265431,0.00358179,0.00087813,180,25.07,2654.3,3581.8,12.258
51,20,533,0.00227393,0.0035167,0.0010377,111,20.83,2273.9,3516.7,12.093
51,21,569,0.00253034,0.0035735,0.00096592,135,23.73,2530.3,3573.5,12.01
51,22,635,0.00244217,0.00350113,0.000943,103,16.22,2442.2,3501.1,12.01
51,23,496,0.00255943,0.0035102,0.00085559,146,29.44,2559.4,3510.2,12.093
51,24,584,0.00258023,0.00352232,0.00083048,125,21.4,2580.2,3522.3,12.258
51,25,613,0.00260699,0.00357375,0.00089482,164,26.75,2607.0,3573.8,12.5
51,26,630,0.00247063,0.00353713,0.00096075,171,27.14,2470.6,3537.1,12.816
51,27,820,0.00265869,0.00351976,0.00083399,134,16.34,2658.7,3519.8,13.2
51,28,680,0.00259585,0.00346437,0.00078531,133,19.56,2595.8,3464.4,13.647
51,29,787,0.0025046,0.00349117,0.0009124,160,20.33,2504.6,3491.2,14.151
51,30,666,0.00253546,0.00350906,0.0008462,133,19.97,2535.5,3509.1,14.705
51,31,476,0.00247704,0.00358454,0.00080981,122,25.63,2477.0,3584.5,15.305
52,12,169,0.00249146,0.00346451,0.00086308,52,30.77,2491.5,3464.5,16.101
52,13,645,0.00253362,0.00353316,0.00090878,107,16.59,2533.6,3533.2,15.532
52,14,550,0.00230462,0.00361629,0.00095039,86,15.64,2304.6,3616.3,15.008
52,15,703,0.00251603,0.00355796,0.00084885,166,23.61,2516.0,3558.0,14.534
52,16,663,0.00236996,0.00362884,0.00095057,144,21.72,2370.0,3628.8,14.116
52,17,643,0.0024069,0.00354254,0.00101852,97,15.09,2406.9,3542.5,13.757
52,18,695,0.00250018,0.00355071,0.00091179,166,23.88,2500.2,3550.7,13.463
52,19,617,0.00264523,0.00357807,0.00089868,250,40.52,2645.2,3578.1,13.238
52,20,504,0.00251487,0.00355791,0.00102344,151,29.96,2514.9,3557.9,13.086
52,21,689,0.00249479,0.00358822,0.00092045,181,26.27,2494.8,3588.2,13.01
52,22,663,0.00257465,0.00358787,0.00089454,114,17.19,2574.6,3587.9,13.01
52,23,622,0.00257609,0.00350692,0.00083866,161,25.88,2576.1,3506.9,13.086
52,24,751,0.00263033,0.00353335,0.00083321,155,20.64,2630.3,3533.4,13.238
52,25,692,0.00252908,0.00353411,0.00090438,185,26.73,2529.1,3534.1,13.463
52,26,693,0.00251696,0.00355776,0.0009147,243,35.06,2517.0,3557.8,13.757
52,27,592,0.00274182,0.00348584,0.00084236,204,34.46,2741.8,3485.8,14.116
52,28,558,0.00249099,0.00350552,0.00088178,128,22.94,2491.0,3505.5,14.534
52,29,671,0.00245756,0.00344635,0.00090057,105,15.65,2457.6,3446.4,15.008
52,30,631,0.00235052,0.00347082,0.00097106,126,19.97,2350.5,3470.8,15.532
52,31,283,0.00250481,0.00356937,0.00085453,66,23.32,2504.8,3569.4,16.101
53,12,12,0.00210473,0.00223907,0.00035515,0,0.0,2104.7,2239.1,16.919
53,13,572,0.00242762,0.00353146,0.00079891,93,16.26,2427.6,3531.5,16.378
53,14,773,0.00245127,0.0035877,0.00095994,145,18.76,2451.3,3587.7,15.882
53,15,798,0.00252853,0.00353766,0.0009375,231,28.95,2528.5,3537.7,15.435
53,16,565,0.00247226,0.00351519,0.00100194,145,25.66,2472.3,3515.2,15.042
53,17,563,0.00247047,0.00359835,0.00095145,141,25.04,2470.5,3598.4,14.705
53,18,684,0.0025915,0.00352983,0.0009328,192,28.07,2591.5,3529.8,14.431
53,19,615,0.00267403,0.00356313,0.00085987,185,30.08,2674.0,3563.1,14.221
53,20,531,0.00249539,0.00353544,0.00089551,124,23.35,2495.4,3535.4,14.08
53,21,624,0.00240698,0.00354523,0.00100827,173,27.72,2407.0,3545.2,14.009
53,22,673,0.002569,0.00349843,0.00098295,259,38.48,2569.0,3498.4,14.009
53,23,608,0.00268876,0.00353282,0.00077069,145,23.85,2688.8,3532.8,14.08
53,24,600,0.00263401,0.00351509,0.0008212,158,26.33,2634.0,3515.1,14.221
53,25,706,0.00272741,0.00353266,0.00083331,240,33.99,2727.4,3532.7,14.431
53,26,589,0.00236578,0.00355985,0.00101387,148,25.13,2365.8,3559.8,14.705
53,27,710,0.00277825,0.00349394,0.00078408,198,27.89,2778.2,3493.9,15.042
53,28,625,0.0025429,0.00346624,0.00086322,140,22.4,2542.9,3466.2,15.435
53,29,526,0.00235559,0.00349942,0.00098333,121,23.0,2355.6,3499.4,15.882
53,30,647,0.00245147,0.0035872,0.00074143,98,15.15,2451.5,3587.2,16.378
53,31,116,0.00284001,0.00344744,0.0004372,4,3.45,2840.0,3447.4,16.919
54,13,589,0.00249115,0.00357892,0.00078964,122,20.71,2491.2,3578.9,17.241
54,14,686,0.0024298,0.0036036,0.00095409,123,17.93,2429.8,3603.6,16.771
54,15,655,0.0024531,0.00351343,0.00088371,85,12.98,2453.1,3513.4,16.348
54,16,669,0.00236891,0.00358865,0.00098818,129,19.28,2368.9,3588.6,15.977
54,17,699,0.00236412,0.00358855,0.00094009,133,19.03,2364.1,3588.6,15.66
54,18,684,0.00251702,0.00353252,0.0009589,141,20.61,2517.0,3532.5,15.403
54,19,564,0.00261807,0.00355662,0.00096462,238,42.2,2618.1,3556.6,15.207
54,20,518,0.00249296,0.00358779,0.00097746,131,25.29,2493.0,3587.8,15.075
54,21,763,0.00237847,0.00356174,0.00095281,168,22.02,2378.5,3561.7,15.008
54,22,514,0.00276013,0.00351903,0.00081365,173,33.66,2760.1,3519.0,15.008
54,23,616,0.00260809,0.00354662,0.00086992,188,30.52,2608.1,3546.6,15.075
54,24,632,0.00250321,0.00358636,0.00094574,147,23.26,2503.2,3586.4,15.207
54,25,822,0.00268083,0.00350157,0.00083789,228,27.74,2680.8,3501.6,15.403
54,26,690,0.00250427,0.00361588,0.00094109,185,26.81,2504.3,3615.9,15.66
54,27,731,0.00269354,0.00353958,0.00086635,174,23.8,2693.5,3539.6,15.977
54,28,658,0.00256835,0.00345236,0.00087763,144,21.88,2568.4,3452.4,16.348
54,29,563,0.00240404,0.00347657,0.00093932,95,16.87,2404.0,3476.6,16.771
54,30,584,0.00234778,0.00354251,0.0007489,87,14.9,2347.8,3542.5,17.241
55,13,429,0.00231599,0.0035263,0.00081416,84,19.58,2316.0,3526.3,18.118
55,14,785,0.0025188,0.00362954,0.00092035,134,17.07,2518.8,3629.5,17.671
55,15,707,0.00244186,0.00354649,0.0009675,157,22.21,2441.9,3546.5,17.27
55,16,595,0.0025633,0.00348176,0.0009518,158,26.55,2563.3,3481.8,16.919
55,17,608,0.00237373,0.00354463,0.0010197,169,27.8,2373.7,3544.6,16.621
55,18,631,0.0024744,0.0035322,0.00095183,100,15.85,2474.4,3532.2,16.378
55,19,500,0.00276899,0.00352863,0.00086878,176,35.2,2769.0,3528.6,16.194
55,20,545,0.00244872,0.00350638,0.00101246,155,28.44,2448.7,3506.4,16.07
55,21,699,0.00249082,0.00352208,0.00096312,203,29.04,2490.8,3522.1,16.008
55,22,583,0.00239354,0.00350616,0.00102223,160,27.44,2393.5,3506.2,16.008
55,23,677,0.00268763,0.0035107,0.00076956,169,24.96,2687.6,3510.7,16.07
55,24,585,0.00253909,0.00352925,0.00096599,167,28.55,2539.1,3529.2,16.194
55,25,662,0.00265345,0.00351128,0.00086156,205,30.97,2653.4,3511.3,16.378
55,26,564,0.00236392,0.00356686,0.00101557,134,23.76,2363.9,3566.9,16.621
55,27,670,0.00270459,0.00344692,0.000804,150,22.39,2704.6,3446.9,16.919
55,28,650,0.00231021,0.00346392,0.00095301,94,14.46,2310.2,3463.9,17.27
55,29,549,0.00225025,0.00345518,0.00096134,107,19.49,2250.2,3455.2,17.671
55,30,424,0.00246925,0.00351841,0.00069598,59,13.92,2469.2,3518.4,18.118
56,13,150,0.00252187,0.00354028,0.00068274,13,8.67,2521.9,3540.3,19.007
56,14,700,0.00246435,0.00346789,0.00085862,119,17.0,2464.4,3467.9,18.581
56,15,489,0.00233936,0.00354959,0.0009474,82,16.77,2339.4,3549.6,18.2
56,16,612,0.00250232,0.00357088,0.00093099,123,20.1,2502.3,3570.9,17.868
56,17,597,0.0024691,0.00354048,0.00091523,158,26.47,2469.1,3540.5,17.586
56,18,620,0.00259433,0.00354734,0.00092959,103,16.61,2594.3,3547.3,17.357
56,19,518,0.00261926,0.0035736,0.00094747,201,38.8,2619.3,3573.6,17.183
56,20,533,0.00250501,0.0035904,0.00097625,138,25.89,2505.0,3590.4,17.066
56,21,662,0.00240038,0.0035632,0.00099541,138,20.85,2400.4,3563.2,17.007
56,22,548,0.00261262,0.00362227,0.00090058,168,30.66,2612.6,3622.3,17.007
56,23,584,0.00271605,0.00350999,0.00085606,166,28.42,2716.0,3510.0,17.066
56,24,613,0.00258153,0.00357297,0.0009494,165,26.92,2581.5,3573.0,17.183
56,25,730,0.00263849,0.00350744,0.00081388,179,24.52,2638.5,3507.4,17.357
56,26,599,0.00249365,0.00353743,0.00098113,157,26.21,2493.6,3537.4,17.586
56,27,666,0.00271548,0.00355134,0.00084418,187,28.08,2715.5,3551.3,17.868
56,28,671,0.00247408,0.00347411,0.0009751,152,22.65,2474.1,3474.1,18.2
56,29,579,0.00255943,0.00346556,0.00080803,100,17.27,2559.4,3465.6,18.581
56,30,191,0.00250683,0.00351213,0.00077654,56,29.32,2506.8,3512.1,19.007
57,14,533,0.00240553,0.00351759,0.00078302,64,12.01,2405.5,3517.6,19.5
57,15,644,0.00278059,0.00355715,0.00069601,147,22.83,2780.6,3557.2,19.138
57,16,652,0.00265233,0.00348894,0.00086405,172,26.38,2652.3,3488.9,18.822
57,17,589,0.00239603,0.0035448,0.00105186,153,25.98,2396.0,3544.8,18.554
57,18,624,0.00243662,0.00350324,0.00102873,115,18.43,2436.6,3503.2,18.337
57,19,485,0.00268013,0.00356022,0.00101772,216,44.54,2680.1,3560.2,18.173
57,20,615,0.00248434,0.00350257,0.00093695,171,27.8,2484.3,3502.6,18.062
57,21,602,0.00264926,0.003516,0.00085703,173,28.74,2649.3,3516.0,18.007
57,22,544,0.0022759,0.00353395,0.00100722,101,18.57,2275.9,3534.0,18.007
57,23,561,0.00285534,0.00351786,0.00073648,218,38.86,2855.3,3517.9,18.062
57,24,602,0.00254213,0.00349214,0.00094139,160,26.58,2542.1,3492.1,18.173
57,25,603,0.00240077,0.00355415,0.00097907,138,22.89,2400.8,3554.2,18.337
57,26,650,0.00236271,0.00345824,0.00102899,143,22.0,2362.7,3458.2,18.554
57,27,570,0.0026276,0.00357448,0.00086798,131,22.98,2627.6,3574.5,18.822
57,28,689,0.00249309,0.00349993,0.00084967,130,18.87,2493.1,3499.9,19.138
57,29,531,0.00254902,0.00350215,0.00070493,131,24.67,2549.0,3502.2,19.5
58,14,492,0.00238481,0.00350537,0.00075158,88,17.89,2384.8,3505.4,20.427
58,15,461,0.00247043,0.00355232,0.00091012,79,17.14,2470.4,3552.3,20.081
58,16,586,0.00252329,0.00357431,0.00085589,82,13.99,2523.3,3574.3,19.78
58,17,584,0.00254278,0.00349576,0.00087937,115,19.69,2542.8,3495.8,19.526
58,18,614,0.0024835,0.00353249,0.00096785,89,14.5,2483.5,3532.5,19.32
58,19,507,0.00274484,0.00357827,0.00090811,214,42.21,2744.8,3578.3,19.164
58,20,608,0.00253994,0.00359445,0.00088573,171,28.12,2539.9,3594.4,19.059
58,21,546,0.00241928,0.00352457,0.00101837,132,24.18,2419.3,3524.6,19.007
58,22,596,0.00257602,0.00352645,0.00085153,119,19.97,2576.0,3526.4,19.007
58,23,611,0.00276765,0.00349076,0.00075415,185,30.28,2767.6,3490.8,19.059
58,24,654,0.00268885,0.00355,0.00080857,186,28.44,2688.8,3550.0,19.164
58,25,694,0.00242065,0.00349784,0.00088007,103,14.84,2420.6,3497.8,19.32
58,26,607,0.00244016,0.0035126,0.00097416,133,21.91,2440.2,3512.6,19.526
58,27,581,0.00274297,0.00348992,0.00082746,177,30.46,2743.0,3489.9,19.78
58,28,589,0.0024807,0.00348217,0.00098304,120,20.37,2480.7,3482.2,20.081
58,29,427,0.00245442,0.00357138,0.00073707,46,10.77,2454.4,3571.4,20.427
59,14,11,0.00256169,0.00331117,0.00070986,3,27.27,2561.7,3311.2,21.36
59,15,721,0.00238895,0.00348438,0.00072308,91,12.62,2389.0,3484.4,21.03
59,16,637,0.00266288,0.00346689,0.00083596,159,24.96,2662.9,3466.9,20.742
59,17,555,0.00242106,0.00358831,0.00105716,157,28.29,2421.1,3588.3,20.5
59,18,701,0.00244209,0.00350065,0.00096992,110,15.69,2442.1,3500.6,20.304
59,19,521,0.00255279,0.00351681,0.00100524,173,33.21,2552.8,3516.8,20.156
59,20,698,0.00256065,0.00351886,0.00083703,165,23.64,2560.6,3518.9,20.056
59,21,528,0.00262214,0.00353071,0.0008654,172,32.58,2622.1,3530.7,20.006
59,22,634,0.00237894,0.00356647,0.00101731,144,22.71,2378.9,3566.5,20.006
59,23,630,0.00296697,0.00355575,0.00058938,242,38.41,2967.0,3555.8,20.056
59,24,585,0.00245779,0.00351859,0.00100128,128,21.88,2457.8,3518.6,20.156
59,25,558,0.00231015,0.00347315,0.00107204,106,19.0,2310.2,3473.2,20.304
59,26,581,0.00240204,0.00347081,0.0009782,109,18.76,2402.0,3470.8,20.5
59,27,505,0.00252511,0.00350591,0.0008874,114,22.57,2525.1,3505.9,20.742
59,28,598,0.00237841,0.00346798,0.00077678,97,16.22,2378.4,3468.0,21.03
59,29,118,0.00249986,0.00354077,0.00064685,22,18.64,2499.9,3540.8,21.36
60,15,708,0.00227432,0.00360501,0.00065064,79,11.16,2274.3,3605.0,21.983
60,16,507,0.0025835,0.00346352,0.00084123,85,16.77,2583.5,3463.5,21.708
60,17,567,0.0024948,0.00348732,0.00096661,125,22.05,2494.8,3487.3,21.477
60,18,613,0.00247227,0.00351516,0.0009495,126,20.55,2472.3,3515.2,21.29
60,19,521,0.00257376,0.00354153,0.0009722,182,34.93,2573.8,3541.5,21.148
60,20,702,0.00261263,0.00354953,0.0008128,132,18.8,2612.6,3549.5,21.054
60,21,541,0.00254845,0.00350889,0.00095941,149,27.54,2548.4,3508.9,21.006
60,22,567,0.00254762,0.00356981,0.00093596,171,30.16,2547.6,3569.8,21.006
60,23,447,0.00273032,0.00344182,0.00076974,117,26.17,2730.3,3441.8,21.054
60,24,545,0.00249766,0.00357571,0.00094238,143,26.24,2497.7,3575.7,21.148
60,25,593,0.00249476,0.00348473,0.00088771,101,17.03,2494.8,3484.7,21.29
60,26,616,0.00255908,0.0034731,0.00083546,81,13.15,2559.1,3473.1,21.477
60,27,525,0.00253604,0.00348707,0.0009266,84,16.0,2536.0,3487.1,21.708
60,28,468,0.00245268,0.00354837,0.00076542,66,14.1,2452.7,3548.4,21.983
61,15,113,0.00235956,0.00335355,0.00061709,19,16.81,2359.6,3353.6,22.94
61,16,664,0.00272771,0.00355183,0.00061183,97,14.61,2727.7,3551.8,22.677
61,17,522,0.00248157,0.00349898,0.00088275,120,22.99,2481.6,3499.0,22.456
61,18,635,0.0025094,0.00349014,0.00092734,147,23.15,2509.4,3490.1,22.277
61,19,517,0.00244442,0.00351089,0.00100489,176,34.04,2444.4,3510.9,22.142
61,20,624,0.00262644,0.00354593,0.00084663,149,23.88,2626.4,3545.9,22.051
61,21,568,0.00233192,0.00348183,0.00098299,161,28.35,2331.9,3481.8,22.006
61,22,543,0.00257437,0.00358323,0.00093727,155,28.55,2574.4,3583.2,22.006
61,23,546,0.00298204,0.00354261,0.00055732,230,42.12,2982.0,3542.6,22.051
61,24,630,0.00242652,0.00347376,0.00098203,100,15.87,2426.5,3473.8,22.142
61,25,539,0.00241695,0.00348841,0.00097995,89,16.51,2417.0,3488.4,22.277
61,26,382,0.00260589,0.00346737,0.00081294,50,13.09,2605.9,3467.4,22.456
61,27,502,0.00252256,0.00351299,0.00083208,93,18.53,2522.6,3513.0,22.677
61,28,141,0.00234672,0.00352096,0.00082114,23,16.31,2346.7,3521.0,22.94
62,16,307,0.00233504,0.00357692,0.00064355,30,9.77,2335.0,3576.9,23.648
62,17,509,0.00245947,0.00348063,0.00092355,87,17.09,2459.5,3480.6,23.436
62,18,461,0.00265531,0.00354067,0.00081473,83,18.0,2655.3,3540.7,23.265
62,19,367,0.00248846,0.00351732,0.00095542,103,28.07,2488.5,3517.3,23.135
62,20,516,0.00278088,0.00353186,0.00070803,123,23.84,2780.9,3531.9,23.049
62,21,415,0.00232347,0.00352523,0.00103333,89,21.45,2323.5,3525.2,23.005
62,22,429,0.00245578,0.00351805,0.00091178,95,22.14,2455.8,3518.0,23.005
62,23,297,0.00276203,0.00347174,0.00076896,87,29.29,2762.0,3471.7,23.049
62,24,481,0.00256429,0.00346915,0.0008117,104,21.62,2564.3,3469.2,23.135
62,25,490,0.00256811,0.00357425,0.00086368,104,21.22,2568.1,3574.2,23.265
62,26,406,0.00244874,0.00349634,0.0008539,63,15.52,2448.7,3496.3,23.436
62,27,418,0.00234912,0.00354062,0.0006445,38,9.09,2349.1,3540.6,23.648
63,17,440,0.00241085,0.00357423,0.00068848,78,17.73,2410.8,3574.2,24.418
63,18,548,0.00249692,0.0034845,0.00094185,133,24.27,2496.9,3484.5,24.254
63,19,340,0.00241727,0.00352963,0.00102845,110,32.35,2417.3,3529.6,24.13
63,20,433,0.00270289,0.00355263,0.00080665,105,24.25,2702.9,3552.6,24.047
63,21,333,0.0024078,0.00351545,0.00093408,77,23.12,2407.8,3515.4,24.005
63,22,459,0.0025621,0.00352751,0.0008525,151,32.9,2562.1,3527.5,24.005
63,23,306,0.0028837,0.00348824,0.00065703,72,23.53,2883.7,3488.2,24.047
63,24,527,0.00250796,0.00349001,0.00089751,57,10.82,2508.0,3490.0,24.13
63,25,458,0.00247739,0.00355883,0.00094279,85,18.56,2477.4,3558.8,24.254
63,26,491,0.00237588,0.00350449,0.00074496,73,14.87,2375.9,3504.5,24.418
63,27,3,0.00251411,0.00313209,0.00107017,0,0.0,2514.1,3132.1,24.622
64,17,39,0.00178165,0.00336453,0.00068643,2,5.13,1781.6,3364.5,25.402
64,18,427,0.00269132,0.00349095,0.00072837,89,20.84,2691.3,3491.0,25.244
64,19,249,0.00261746,0.0034859,0.00086925,65,26.1,2617.5,3485.9,25.125
64,20,309,0.00290468,0.00345402,0.0005609,90,29.13,2904.7,3454.0,25.045
64,21,184,0.00189504,0.00350145,0.0010738,22,11.96,1895.0,3501.4,25.005
64,22,323,0.00256696,0.0035283,0.00080916,66,20.43,2567.0,3528.3,25.005
64,23,187,0.0026846,0.00347218,0.00077658,62,33.16,2684.6,3472.2,25.045
64,24,248,0.00255637,0.0034577,0.00075697,46,18.55,2556.4,3457.7,25.125
64,25,293,0.00255418,0.0035647,0.00072771,19,6.48,2554.2,3564.7,25.244
64,26,126,0.0023368,0.00338084,0.00075749,5,3.97,2336.8,3380.8,25.402
65,18,16,0.00208063,0.00335474,0.00044955,1,6.25,2080.6,3354.7,26.235
65,19,183,0.00245765,0.00349431,0.00083382,25,13.66,2457.6,3494.3,26.12
65,20,273,0.002545,0.00350487,0.00080515,38,13.92,2545.0,3504.9,26.043
65,21,157,0.00205504,0.00352637,0.00080154,14,8.92,2055.0,3526.4,26.005
65,22,191,0.00257813,0.00349723,0.00080916,48,25.13,2578.1,3497.2,26.005
65,23,200,0.00275749,0.0034766,0.00073137,24,12.0,2757.5,3476.6,26.043
65,24,180,0.00249808,0.0034697,0.00089411,28,15.56,2498.1,3469.7,26.12
65,25,47,0.00270926,0.00335793,0.00063029,6,12.77,2709.3,3357.9,26.235
66,20,13,0.00242355,0.00349602,0.00095838,5,38.46,2423.6,3496.0,27.042
66,21,19,0.0028028,0.00344534,0.00060246,4,21.05,2802.8,3445.3,27.005
66,22,46,0.00304811,0.00354703,0.00042801,15,32.61,3048.1,3547.0,27.005
66,23,83,0.00267318,0.0034924,0.00034271,4,4.82,2673.2,3492.4,27.042
