feature,mean_abs_shap,mean_shap,rank
X727,0.0018603553365750625,-0.0007490902941076629,1
X831,0.001372420944989648,3.3009840448060134e-05,2
X726,0.0011441162824563646,4.196827141487388e-05,3
X768,0.0010226836721526132,6.906814385409763e-05,4
X718,0.0008916859528806367,-2.7661063614465185e-05,5
X1003,0.0008888104907063409,6.839518713574188e-06,6
X1049,0.0008637958719339007,-3.2518496658032256e-05,7
X592,0.0008555021190165843,2.2862264662363256e-05,8
X983,0.0007948933207556336,6.076684432483785e-06,9
X732,0.0007564354364022047,-2.8123968698194387e-05,10
X982,0.0006911609598185596,7.959923037844447e-07,11
X1064,0.0006793350122236707,-1.7195658516436645e-06,12
X1066,0.0006517337298058902,-3.6829645967165354e-05,13
die_y,0.0006028395583709074,1.2591751693385605e-05,14
X1070,0.0005853846496710276,-1.626171587346544e-05,15
X588,0.0005285490373830907,0.0002912137908061455,16
X1032,0.0005057083521252079,1.198295258332531e-05,17
X1029,0.0004997330966868173,-3.244787704052929e-05,18
X1071,0.0004948036822624211,6.403184814026967e-06,19
X689,0.0004907743773373514,4.960112825034142e-06,20
X589,0.00047550042137204507,-6.926806057517298e-06,21
X573,0.0004636028788099342,-2.290001634487996e-05,22
X1060,0.00042701516940427705,2.8972374665033313e-06,23
X854,0.00040338262797532726,-1.013256447370458e-05,24
X586,0.0003997607322108464,0.0001103517912334508,25
X995,0.00039742436603109986,6.006678587306877e-07,26
X1014,0.00036597803850024855,-1.2234681215287562e-05,27
X391,0.000364799284187851,-1.513641307549519e-06,28
X1063,0.00033280872017245485,3.7139397308091363e-06,29
X465,0.000332419348206858,-8.962305386381042e-06,30
X572,0.0003280014203485921,3.534814457105351e-07,31
X397,0.00032102318681931623,2.0945730120756635e-06,32
X561,0.00029186594577782133,-1.941224196577571e-05,33
X839,0.00028578361054054977,1.317001806960258e-06,34
X594,0.0002814958630112359,0.00011652336422245972,35
X400,0.0002516934709789626,2.8827350709002747e-07,36
X734,0.000250870747127479,-7.399343860162603e-06,37
X870,0.0002503165648807581,-1.667055999387406e-05,38
X155,0.00024251759387842025,-6.219585755818029e-06,39
X722,0.0002370086833099163,1.579704609778139e-06,40
X408,0.0002367181667044427,-1.495306786632769e-07,41
X833,0.00023146166213681846,-7.838925440403243e-06,42
X632,0.00022563064507931366,2.434462835522796e-06,43
X824,0.00021858747213965887,-1.0249735331632313e-05,44
X1031,0.0002150308974331406,4.724295032612463e-06,45
X731,0.00021482313307252484,-9.206438912215636e-07,46
X243,0.00021371520325787492,-7.309125422697474e-06,47
X1068,0.00020777380978178434,-4.114120370967574e-06,48
X562,0.0002009469821591491,-8.075479293026923e-07,49
X202,0.0001964944046124576,-4.994046162208004e-06,50
X1076,0.0001884987770528282,1.5108343507292076e-05,51
X893,0.000187601486213705,8.900193593403899e-06,52
X1004,0.00018501804143383825,-4.2253468627329753e-07,53
X60,0.00017864119403413156,-1.7764571956732272e-06,54
X835,0.00017706805617259487,-7.1985965037120605e-06,55
die_x,0.00017660427278608275,4.758121056021603e-07,56
X1002,0.00017191772533709795,-4.166136909401623e-06,57
X880,0.00016952574259150398,2.8549115228107944e-06,58
X826,0.00016739969454010266,-1.971121516646908e-06,59
X390,0.00016698291079444185,-1.8194035368450136e-06,60
X773,0.0001663361455965919,4.831715533360688e-06,61
X1059,0.00016520772031562017,2.9317042381682488e-05,62
X1016,0.0001643561535854727,-5.655208097376082e-06,63
X590,0.00016287651752238454,-0.0001079776941439641,64
X577,0.00015304132209291264,-2.2399803591374126e-06,65
X19,0.00014734328383527283,-5.733804494209149e-07,66
X75,0.00014318037158123117,-1.1580521166440849e-05,67
X886,0.0001423512742842334,8.357749002191124e-06,68
X578,0.00014209884266027577,3.9304080145556765e-05,69
X557,0.00014203455733401838,5.411519922155468e-07,70
X317,0.0001400834409458053,8.023419932956596e-07,71
X723,0.0001384814135001212,1.5596435743227377e-05,72
X905,0.00013827263887378842,-4.067254760298419e-06,73
X1017,0.00013200029185891365,8.88536509299091e-06,74
X1007,0.0001256236703660878,-8.396189816086972e-06,75
X1058,0.00012498070342358954,-2.8151177057388775e-06,76
X828,0.00011425363837964119,-9.40935788707526e-07,77
X856,0.00011372504437368893,2.6460188552496334e-06,78
X550,0.00011317657150857404,-6.741936389837244e-07,79
X867,0.00011139801385151696,-1.107131334659418e-06,80
X849,0.00010786954196599645,-3.371512552529657e-07,81
X842,0.00010777931052568516,-4.0792818057806645e-06,82
X48,0.00010733617237121348,-2.898852334217254e-06,83
X1077,0.00010637712061702187,2.1247948463551924e-06,84
X34,0.00010577874103514159,2.6813608244935113e-07,85
X904,0.00010567239847545494,-3.072971592280715e-06,86
X146,0.00010539430619513549,-2.47085179594966e-08,87
X979,0.0001049808677053772,-2.2268959495648853e-06,88
X660,0.00010459098584819855,-3.721709732286917e-06,89
X314,0.0001030671239730096,-3.0483863143237555e-06,90
X1073,0.00010256991692137929,-4.602873471111088e-07,91
X738,0.00010106450721825436,2.7817247578912325e-07,92
X881,0.00010002920251160124,-3.3215678810753753e-06,93
X574,9.665457687367315e-05,1.4301146078395585e-05,94
X403,9.557457950856915e-05,3.678070243767108e-08,95
X1006,9.539240083620994e-05,1.249177292285204e-05,96
X1005,9.500831539088464e-05,-4.146522974535709e-06,97
X59,9.423697610937212e-05,9.296645132733438e-07,98
X875,9.15809468768035e-05,1.521019968818046e-06,99
X389,9.138132317797377e-05,-1.9852038830263168e-06,100
X190,9.086810974450634e-05,-6.52575045987142e-07,101
X466,9.083501170374882e-05,4.962516503677273e-06,102
X69,8.971773931721369e-05,1.3657916001941314e-07,103
X483,8.964900607296099e-05,1.4906152806097167e-06,104
X931,8.928264430439952e-05,-1.7922993842446945e-06,105
X1083,8.830929460034561e-05,5.7965527985537925e-06,106
X719,8.696181726668426e-05,1.0304655120519015e-06,107
X998,8.512986966509296e-05,-1.9837500464259346e-06,108
X486,8.349201934925432e-05,-6.950618246573642e-07,109
X563,8.338259466645576e-05,6.227088339637943e-06,110
X1075,8.332371999857315e-05,7.064293244498248e-06,111
X587,8.179318292210783e-05,2.233061358911454e-05,112
X713,8.11872467461218e-05,-3.1694336503178753e-06,113
X873,8.03186626231858e-05,8.417710457136101e-07,114
X817,8.016674432983906e-05,6.9057508014931084e-06,115
X388,7.969845676471323e-05,8.790984875930926e-07,116
X595,7.84923044466046e-05,-9.61660681497467e-06,117
X396,7.826412490594402e-05,1.9124269287320414e-06,118
X29,7.776251306892939e-05,1.2763462926653511e-06,119
X365,7.683096978661925e-05,2.1068584911576737e-07,120
X1001,7.66893936770148e-05,1.8934079481218467e-06,121
X271,7.646627898951771e-05,2.933866050325534e-06,122
X832,7.62340605916933e-05,-1.5845956479280606e-06,123
X1000,7.591702173661075e-05,-1.025922044362101e-06,124
X888,7.580047812515013e-05,1.031426659891982e-06,125
X733,7.487084770057227e-05,7.306126906621148e-07,126
X843,7.242590979403058e-05,1.3491987306003007e-06,127
X829,7.164697277044228e-05,-1.7501410405924245e-07,128
X415,7.122474135776814e-05,-4.738552965627256e-06,129
X187,7.089995923493889e-05,-4.644789125483548e-06,130
X999,6.989231097981675e-05,3.7731227938007573e-06,131
X398,6.964643726967619e-05,2.5942633913941887e-07,132
X582,6.860900839747758e-05,2.387720188596767e-06,133
X580,6.760905321544763e-05,6.639259334658923e-06,134
X649,6.659063715062219e-05,-2.0949751322342773e-06,135
X790,6.64925825996178e-05,3.389944742268621e-06,136
X255,6.60868708963867e-05,1.943402066449928e-06,137
X724,6.517945942223395e-05,-3.950666601989728e-06,138
X64,6.455385255042285e-05,1.3677152593142856e-07,139
X45,6.437329967552166e-05,5.096518717286517e-07,140
X997,6.420972008532296e-05,-3.205212763189847e-06,141
X305,6.403026663734862e-05,4.332517015800011e-06,142
X853,6.32312232971812e-05,1.6249170369533191e-06,143
X802,6.268526940902506e-05,7.970166533629365e-06,144
X895,6.253605160576956e-05,-1.4097505701781125e-06,145
X411,6.249177179575087e-05,-4.337524522587575e-06,146
X576,6.206059252062847e-05,1.8433754739158943e-06,147
X928,6.199733380501931e-05,-4.903717473654569e-06,148
X274,6.18415246155706e-05,-1.582229327458235e-06,149
X1033,6.14064686433389e-05,-2.7660438249482403e-06,150
X628,6.139579967416485e-05,-2.0763356879506034e-06,151
X11,6.093746803398774e-05,-1.443304560137461e-07,152
X67,6.045586285398762e-05,-6.309149040212994e-07,153
X1044,6.006304637360389e-05,3.279510934537164e-07,154
X608,5.949922951920659e-05,-7.659527205928276e-06,155
X560,5.9015866087282604e-05,2.114372878233277e-05,156
X769,5.896381206586667e-05,-9.564996849640448e-07,157
X1030,5.870609110396427e-05,-5.521315981446448e-06,158
X355,5.848290728347958e-05,-1.3535099168003426e-06,159
X485,5.8118464335370685e-05,-3.4450884234118824e-06,160
X973,5.7960710942495664e-05,-1.7985650182211224e-06,161
X890,5.65000589980642e-05,-3.683733679951186e-07,162
X892,5.6148736428884825e-05,7.867591507871063e-07,163
X293,5.578734379611985e-05,1.9053399205780392e-06,164
X852,5.513936561504675e-05,-6.934431314621713e-07,165
X837,5.456363557623066e-05,-4.739616697239417e-06,166
X1018,5.453707937205172e-05,-1.2715514610992543e-06,167
X24,5.427301850442771e-05,-5.525694181423719e-07,168
X812,5.423183323367066e-05,-2.03873992385819e-06,169
X110,5.42292633316505e-05,2.4330109170060737e-07,170
X652,5.3917522230082114e-05,-2.554389908018787e-06,171
X874,5.3688964033561406e-05,1.9695375883900683e-07,172
X80,5.3257360941201395e-05,-2.06201741911192e-06,173
X754,5.287828359056451e-05,6.131139858067515e-06,174
X294,5.28644161186381e-05,7.741570613057404e-06,175
X498,5.228758191804286e-05,2.981797492740624e-07,176
X891,5.2264955075372175e-05,1.917978673768432e-06,177
X292,5.219890740077583e-05,5.8660528274299824e-06,178
X54,5.172939068506583e-05,1.5099326589009562e-06,179
X38,5.1032216573341734e-05,2.786488700768839e-06,180
X806,5.078606351204194e-05,-7.598538614923291e-07,181
X952,5.0714190652148477e-05,8.450563422831484e-07,182
X85,5.061531604901526e-05,4.516265413298146e-06,183
X399,5.057127202899353e-05,3.2185402721196e-06,184
X825,4.952621932452078e-05,-2.409344193049746e-06,185
X46,4.9366060880276685e-05,-1.064091734796005e-06,186
X240,4.925461354826562e-05,5.5650998349398274e-06,187
X644,4.917161967980294e-05,-2.4957770277990026e-07,188
X668,4.90328550066194e-05,-1.0642862146902657e-06,189
X583,4.863835327259692e-05,1.3508775343382e-06,190
X860,4.7789109445873445e-05,3.5882838362480378e-06,191
X796,4.667870989232171e-05,-5.277709483160207e-07,192
X1013,4.654191311928143e-05,-3.592181800025288e-06,193
X813,4.5863109094526515e-05,1.4896440026461386e-06,194
X804,4.564439776881976e-05,-3.1441851647723618e-06,195
X838,4.552156227471695e-05,-2.5076094830019727e-07,196
X295,4.485517394501022e-05,2.4601137038509956e-06,197
X394,4.4510749387829215e-05,3.691770384735299e-06,198
X405,4.4452865260986396e-05,-9.202352102550969e-06,199
X57,4.424606046026592e-05,1.7674539214225786e-06,200
X79,4.4043457488452095e-05,-1.2402327522516522e-06,201
X887,4.4027079023564524e-05,-5.976368380993488e-07,202
X122,4.315374827704137e-05,1.2511654259619415e-06,203
X682,4.265966110606701e-05,-3.7583528216135246e-07,204
X1079,4.204780099573968e-05,-2.8254196139776056e-06,205
X53,4.1935989422007165e-05,-1.6215888127339237e-06,206
X571,4.149022764031911e-05,5.347715348753651e-06,207
X661,4.0993364565073515e-05,7.434243659368348e-07,208
X735,4.078750737379776e-05,-3.909587585850641e-06,209
X819,4.0584334803410564e-05,4.901768210545809e-07,210
X910,4.0327456886397925e-05,2.1930101611812828e-06,211
X95,4.021319354201536e-05,1.2452042134318611e-06,212
X340,4.0193977535027154e-05,4.938693211658445e-07,213
X855,3.955997897814989e-05,1.7412338556998953e-06,214
X847,3.9197567182618476e-05,-9.92352702627298e-07,215
X406,3.9142344377420724e-05,9.89701032133563e-06,216
X1011,3.858967731225252e-05,1.1275262260421086e-06,217
X818,3.845565827902601e-05,-5.090248719618035e-07,218
X730,3.84365006017438e-05,-1.1326549122201618e-08,219
X929,3.811846267415677e-05,-5.852840730362212e-07,220
X834,3.7717933879583086e-05,1.2815885391926383e-06,221
X665,3.737386263446919e-05,3.134387344042401e-06,222
X994,3.694596818161759e-05,-1.4845767059012617e-06,223
X77,3.683551013257392e-05,-8.842576305173988e-07,224
X850,3.635975584957729e-05,5.189763814761564e-06,225
X884,3.573804283760931e-05,-7.517687006748333e-08,226
X823,3.5535292514582914e-05,-2.1353805508240033e-06,227
X1085,3.52972398408341e-05,7.36747766092196e-07,228
X214,3.529621635736118e-05,-1.8302487044579963e-07,229
X71,3.5082356944579777e-05,-2.6423885667359112e-06,230
X820,3.476734520039605e-05,-1.1772408172695706e-06,231
X803,3.4649784824040486e-05,1.0188976431398277e-06,232
X800,3.447317775686346e-05,4.774483714621582e-06,233
X56,3.4150947137928305e-05,3.5828556487430843e-07,234
X894,3.4118574692330726e-05,4.181936288187814e-07,235
X76,3.381803993484823e-05,-1.0793685497375647e-06,236
X348,3.365845873205921e-05,4.960591094093576e-07,237
X844,3.3522194623333104e-05,-1.921871626578243e-06,238
X830,3.34197436659961e-05,2.7000099953682475e-06,239
X958,3.322324902610306e-05,-1.6044968124667917e-06,240
X841,3.31448062202168e-05,-2.7446631370006947e-06,241
X940,3.249921598881077e-05,1.9866660298486443e-06,242
X18,3.2257746675859414e-05,1.6001688139303359e-06,243
X267,3.211776084112759e-05,-1.17523019001934e-07,244
X209,3.182939579494296e-05,-6.961213128574114e-08,245
X266,3.1693108468726585e-05,-4.0402645277257107e-07,246
X970,3.1628789268374516e-05,7.446662322667089e-07,247
X36,3.080122109487582e-05,5.82979910427368e-07,248
X123,3.060051905033742e-05,5.395831533199174e-07,249
X898,3.0567222776521135e-05,1.8201486388872854e-06,250
X42,3.052842191696818e-05,1.3039651035355983e-06,251
X113,3.045749902397121e-05,8.083988199102304e-07,252
X664,3.031371028001237e-05,1.0996298644511564e-06,253
X584,3.025004684373017e-05,3.993859749370369e-06,254
X497,3.0136691072189712e-05,8.759439070721669e-07,255
X55,3.0065250185606018e-05,-2.0211818035768743e-06,256
X670,2.9677027167468295e-05,1.50903767926106e-06,257
X815,2.9466579039352452e-05,-2.15665936305397e-06,258
X678,2.9350726323225185e-05,-1.4917925273517735e-07,259
X330,2.926588017195427e-05,-2.700144610639921e-06,260
X197,2.9060489128960252e-05,5.015258824607129e-07,261
X191,2.902991077404991e-05,5.656485134411403e-07,262
X177,2.8802411236728725e-05,-1.9499283662743535e-06,263
X721,2.8725201004642794e-05,1.0681888129996938e-06,264
X903,2.8703169524376514e-05,-3.4472151336621125e-06,265
X22,2.860708099413403e-05,8.599934755772408e-08,266
X807,2.855405102716699e-05,1.9605334698139015e-06,267
X755,2.8335469808829205e-05,6.0273059118446695e-06,268
X782,2.829345432763733e-05,3.214253326227393e-06,269
X744,2.818806195894629e-05,-5.772875489117351e-07,270
X601,2.802761564444235e-05,4.7571266993856217e-07,271
X1042,2.7979377784864787e-05,-3.2965060358924557e-07,272
X753,2.7824055952037233e-05,-1.406965382417652e-06,273
X275,2.7678035700308895e-05,-5.087574671931693e-07,274
X28,2.7547673170275083e-05,4.1500645859618766e-07,275
X760,2.7497844414971517e-05,2.384446275341435e-06,276
X868,2.7176559991705268e-05,-3.818483929923181e-07,277
X337,2.702094093640942e-05,1.27534690480811e-06,278
X810,2.676550397564093e-05,3.845217516068705e-06,279
X166,2.664716890136512e-05,1.1551592065156096e-07,280
X570,2.63897244290078e-05,5.659143990029203e-06,281
X1015,2.6352358330617045e-05,-1.5322450797186694e-06,282
X73,2.6266890738959333e-05,-1.494824022542087e-06,283
X798,2.6144242156481688e-05,1.0430907936035355e-06,284
X799,2.614261362001428e-05,1.6950881118277126e-06,285
X83,2.5947853492286564e-05,-2.8566658882167326e-07,286
X878,2.5744245179090124e-05,-4.114179247128688e-08,287
X752,2.5688255155500825e-05,-5.76072727545979e-06,288
X745,2.5569316972502738e-05,1.3041549319964619e-06,289
X431,2.5507246390450203e-05,3.710244670367208e-07,290
X792,2.5345360351607964e-05,-1.7680327046549447e-07,291
X801,2.5269402373321512e-05,5.995762379082275e-07,292
X78,2.5230304558860062e-05,-1.7386060072012597e-06,293
X980,2.515772693833278e-05,2.7578447125926907e-07,294
X27,2.499289110233336e-05,6.319735521594238e-07,295
X816,2.4777436874042025e-05,1.2994078202595792e-06,296
X667,2.473546831154273e-05,-9.75419291964019e-07,297
X766,2.4713829846126158e-05,7.0835388687021115e-06,298
X996,2.4643855853252558e-05,-4.234065090129393e-06,299
X751,2.4554265423352102e-05,-2.9162721613715204e-07,300
X264,2.437443659066346e-05,-6.212500163132273e-07,301
X1008,2.426361916919921e-05,4.34311201358763e-06,302
X269,2.414957936903583e-05,-1.2774711223541e-06,303
X104,2.4072882579197123e-05,1.435534253633863e-07,304
X784,2.4069637275035686e-05,7.32733506589889e-07,305
X836,2.4011335939029105e-05,-4.827219613445539e-07,306
X727_missing,2.4004874875105184e-05,-5.776469906198261e-06,307
X939,2.379899119600202e-05,-8.903920160460937e-07,308
X376,2.3740724964568452e-05,-1.1231532379941251e-07,309
X160,2.3711417709174203e-05,-2.516578255837714e-07,310
X210,2.362562706493442e-05,-5.463585106929299e-07,311
X320,2.3569822283546118e-05,-9.63718946196099e-07,312
X581,2.3476242102483e-05,2.832914493551693e-06,313
X418,2.327744675132988e-05,1.3980636640003216e-05,314
X863,2.3241653415851828e-05,2.1485897148879988e-07,315
X130,2.323002864451968e-05,-3.049934614562221e-06,316
X66,2.3228248309539897e-05,1.0079076250840419e-07,317
X791,2.3206841698590466e-05,4.650592610901371e-07,318
X589_missing,2.3122217935991143e-05,-5.859791808481464e-07,319
X885,2.309109647423815e-05,-2.918594707141241e-07,320
X5,2.3076891077402604e-05,-4.2590917144181195e-07,321
X857,2.3016482316042548e-05,-7.549056171782165e-07,322
X549,2.297550545885216e-05,-7.388813542450593e-07,323
X840,2.2787861603952478e-05,4.6952160992345877e-07,324
X127,2.2479004809649687e-05,-4.023915103092607e-07,325
X763,2.2384917320635763e-05,-3.2369471831618424e-07,326
X193,2.2212639034576357e-05,1.249051833995856e-07,327
X586_missing,2.215642784145493e-05,6.146513447050861e-07,328
X189,2.2149078927498012e-05,-2.2841172670331026e-07,329
X184,2.214539108785881e-05,-2.0848519890493383e-06,330
X637,2.2114946782795703e-05,-2.6335894598280146e-07,331
X690,2.1955387776347642e-05,8.241122643688702e-07,332
X865,2.1933949510898375e-05,-8.846787725493941e-07,333
X154,2.1895584262467315e-05,4.6814585966016105e-07,334
X200,2.18291245062274e-05,9.939846064493825e-07,335
X821,2.179252038229284e-05,2.7586470036189397e-07,336
X779,2.177176767276919e-05,-5.039961661337315e-07,337
X128,2.1593121597652833e-05,8.751915885068212e-07,338
X1081,2.151966035998167e-05,-2.428624019515328e-06,339
X650,2.129946434783817e-05,-4.4018948073070126e-08,340
X761,2.1239753200523996e-05,9.60413456498537e-07,341
X877,2.1142079511475896e-05,1.4409125921167637e-07,342
X260,2.1127965751191118e-05,-3.8331489478652496e-08,343
X606,2.1086132953094204e-05,8.726931390668795e-07,344
X986,2.0993994751379322e-05,5.162848424093091e-07,345
X851,2.076091311215096e-05,-3.751720967238078e-06,346
X165,2.0543974352076943e-05,2.02946926351416e-07,347
X308,2.038579993524845e-05,-1.3644372381212752e-06,348
X392,2.0178753378803568e-05,-5.796503909430827e-07,349
X70,2.0152996241126323e-05,-6.366903488602153e-07,350
X336,2.0086778147045508e-05,-5.860105691187903e-07,351
X129,2.0067311117402985e-05,1.546384233493647e-06,352
X651,2.0041604466534582e-05,-2.215202716560755e-07,353
X1012,2.0039361656308487e-05,-1.813821888085525e-06,354
X116,1.988814515533354e-05,-7.148855702293633e-07,355
X911,1.984372363038697e-05,1.9846506786780582e-07,356
X173,1.9545584820606164e-05,-7.445326016753562e-07,357
X785,1.9517759520039018e-05,9.98272630193322e-07,358
X909,1.9310705279204413e-05,2.0344292438688392e-06,359
X120,1.9107121659499042e-05,-4.1361035850272817e-07,360
X40,1.902565760311169e-05,4.673691695002981e-08,361
X203,1.9007912041085415e-05,-6.463727165223062e-07,362
X942,1.8768871946932738e-05,-4.720289529908746e-07,363
X482,1.871677280075424e-05,-1.6746343812369166e-07,364
X361,1.8701847715387662e-05,3.15171474932077e-06,365
X484,1.86686676231812e-05,-2.523889056868464e-07,366
X739,1.8609315480000438e-05,2.416178885011484e-07,367
X764,1.8523402478507775e-05,-1.4137876144438384e-06,368
X984,1.8447492274705382e-05,1.3272460299190955e-06,369
X174,1.828437770699948e-05,1.0465921258775196e-06,370
X793,1.8027685966259058e-05,3.847042534927096e-07,371
X809,1.7952280066575197e-05,3.2425428327803243e-06,372
X145,1.7472706676260496e-05,-2.6914314877030405e-06,373
X845,1.7377010687914736e-05,2.305596869416384e-08,374
X213,1.7373232245253917e-05,1.3564607368548052e-08,375
X775,1.7328226393688424e-05,3.1744863641239166e-06,376
X613,1.7095310309873278e-05,-2.195775479304046e-06,377
X285,1.6986259884190942e-05,-1.4951885243669452e-06,378
X937,1.6974385087761755e-05,2.6022481656949795e-06,379
X750,1.6583556610911442e-05,2.6178511814231105e-06,380
X121,1.633419284484217e-05,-6.088440610636641e-07,381
X433,1.62744730467687e-05,1.5804286810355772e-07,382
X780,1.604279214792642e-05,5.168719452306884e-06,383
X207,1.5743452143648024e-05,1.0563803456625378e-08,384
X63,1.5726284969702737e-05,-4.620583149565811e-07,385
X395,1.5663110003342676e-05,-7.535305361795513e-07,386
X1045,1.559252506860932e-05,5.415296889258667e-07,387
X479,1.556375138841496e-05,1.4910053882172399e-06,388
X948,1.5501308660851072e-05,-9.725302737621846e-07,389
X949,1.5307850515296135e-05,-9.551191508865224e-07,390
X922,1.5251181405451953e-05,-2.0877725985808202e-07,391
X342,1.5221528246422653e-05,-1.2767135279329748e-07,392
X978,1.521109290187149e-05,7.50373295741209e-07,393
X161,1.5088081771187413e-05,3.872327501725246e-07,394
X344,1.5016177018420464e-05,6.723394861396307e-07,395
X889,1.4907745525738784e-05,-1.1514454011615054e-06,396
X822,1.4728546950459467e-05,-3.039679608987639e-07,397
X935,1.4655272489032934e-05,-2.7775404990713664e-07,398
X814,1.4558098123850733e-05,3.2547211785590992e-06,399
X409,1.4308419026824519e-05,-6.746398987794814e-07,400
X35,1.4264453194556563e-05,5.5710500465633e-07,401
X967,1.4167427597272563e-05,-3.1800769544582444e-07,402
X387,1.4134900159493467e-05,4.6024919511718473e-07,403
X20,1.4094453326071901e-05,-2.474910832953938e-07,404
X669,1.4091105940378993e-05,-1.0626642880607003e-07,405
X47,1.3914670231875773e-05,3.625564077200469e-07,406
X16,1.3773136153276445e-05,-4.3099124025879676e-08,407
X195,1.3763551982122336e-05,-1.6262698113067903e-06,408
X925,1.3738981517227676e-05,1.2462122771399762e-06,409
X746,1.3738579982018285e-05,2.7674393760520526e-08,410
X126,1.368062044182717e-05,-7.270574615454517e-07,411
X434,1.367013409896084e-05,-3.414146779133078e-07,412
X646,1.3622780711835887e-05,6.461649008513493e-07,413
X41,1.3566517015034673e-05,-7.976532194734721e-07,414
X643,1.3500947101699021e-05,3.508883778555028e-07,415
X180,1.3493727987816196e-05,-8.740937284837958e-09,416
X74,1.304964273001488e-05,7.694277312683411e-07,417
X923,1.3019210296317192e-05,7.306604378378258e-07,418
X81,1.301226391663806e-05,-3.343419959754037e-06,419
X762,1.2896747711280327e-05,3.5549336604600585e-07,420
X932,1.2835048378162104e-05,6.463325610102121e-09,421
X788,1.2819414968006565e-05,-2.28264113254637e-06,422
X385,1.263668980278963e-05,-1.495784569504527e-07,423
X938,1.261000800302596e-05,-1.1622311412055898e-06,424
X61,1.2578148896787338e-05,1.0994684247122572e-07,425
X58,1.2514357032185059e-05,-5.797151088117766e-07,426
X117,1.2486417055021322e-05,7.319428483219153e-07,427
X585,1.2341141214400141e-05,4.908478060394385e-07,428
X380,1.2182140809991647e-05,1.2230991109640234e-06,429
X737,1.2149983608142725e-05,-6.640520249773285e-07,430
X112,1.2115521784747579e-05,2.5020777772477155e-06,431
X749,1.209551762662273e-05,4.10318497057301e-06,432
X318,1.190968127998251e-05,-3.107732475613252e-07,433
X579,1.1861566218477277e-05,-2.0014047631563732e-07,434
X588_missing,1.1842346465415423e-05,-1.3566041674947615e-06,435
X62,1.1632861399042803e-05,-3.502920073279147e-07,436
X808,1.1614222640773406e-05,1.0071425689838795e-06,437
X1080,1.1571769539746303e-05,-8.863951407171449e-07,438
X748,1.1539848868028343e-05,1.099965643427061e-06,439
X429,1.1520169695360646e-05,-2.829649434641972e-07,440
X641,1.119517446853369e-05,6.730885586152003e-07,441
X261,1.0827757808092633e-05,2.8680531234023356e-06,442
X944,1.0820517709297291e-05,7.817091491322493e-07,443
X393,1.0616046518101552e-05,-9.955233927201948e-07,444
X7,1.055052602748203e-05,-2.3749464781609656e-08,445
X811,1.0298233758234295e-05,-1.2918217902872241e-06,446
X425,1.0131838167652729e-05,9.151967758208403e-08,447
X346,9.903360595777428e-06,-4.123050967920801e-08,448
X797,9.891602526002687e-06,-3.90160868818419e-07,449
X961,9.834493746023213e-06,9.117570601258313e-07,450
X901,9.65031704037955e-06,-5.395376453193876e-07,451
X6,9.636571906184776e-06,-1.0626022096423237e-07,452
X882,9.3294082792957e-06,-4.54498897401113e-07,453
X795,9.314811216182438e-06,1.913187207686764e-06,454
X516,9.278232254535796e-06,-4.4236707939507216e-07,455
X747,9.202222851346115e-06,-9.899998736889945e-08,456
X480,9.194668137482834e-06,-2.6943831858044674e-07,457
X912,9.089546030449453e-06,1.1727711612442832e-06,458
X82,9.028377133630818e-06,-1.1617069043277692e-06,459
X758,8.90366095101138e-06,-1.4643623739443199e-06,460
X974,8.725228656126416e-06,1.6439720126188494e-08,461
X767,8.505393693572902e-06,7.585949629434821e-07,462
X765,8.480714110656017e-06,6.502931651682296e-07,463
X991,8.368809618828683e-06,-9.580768449746163e-07,464
X481,8.310011770805778e-06,-5.447278475351267e-07,465
X642,8.297785671560019e-06,-1.9169712317903687e-07,466
X495,8.048253654799686e-06,-5.242501412360994e-07,467
X319,7.880542623208811e-06,-4.546616216237506e-07,468
X14,7.754367098866712e-06,1.4454076457269379e-07,469
X943,7.672265395667921e-06,-4.139379546699062e-07,470
X917,7.658900791116835e-06,3.839065246157036e-08,471
X913,7.435917022931859e-06,-8.642477938261147e-07,472
X985,7.386082028142377e-06,-5.81469117355672e-07,473
X111,7.352765972394946e-06,-7.426414573811348e-07,474
X65,7.34428749281067e-06,-6.127605742859796e-08,475
X783,7.229086687470899e-06,-4.4416184634981063e-07,476
X963,7.206280182373349e-06,-1.1855706710129823e-07,477
X883,7.138861127851509e-06,2.181605209696202e-07,478
X21,7.106774802429944e-06,-1.8243382866419386e-07,479
X150,7.045784157364501e-06,1.5627966696274742e-07,480
X639,6.994438868854147e-06,-3.445213866741184e-07,481
X936,6.924070080212545e-06,-6.1097702758852e-07,482
X720,6.865041832206677e-06,-2.814227903316441e-07,483
X805,6.607464518091072e-06,2.963931536430411e-07,484
X759,6.559574063202344e-06,-5.285585681439801e-07,485
X794,6.468925092749009e-06,-4.1841900430618584e-07,486
X473,6.367877644298512e-06,1.4250538579561225e-06,487
X105,6.165921317488054e-06,-8.084513455743965e-07,488
X335,6.163590578408875e-06,1.7811263066039213e-07,489
X379,6.07922031001037e-06,1.0207420941767608e-06,490
X987,5.871059151553754e-06,-4.491063202544208e-07,491
X12,5.3644476375869216e-06,-3.677383997515885e-08,492
X919,5.2171225489217595e-06,8.168144022394823e-07,493
X428,4.911370728728626e-06,2.889835071109627e-07,494
X977,4.522817018264976e-06,8.730520639777739e-08,495
X647,4.227381137002194e-06,1.4448541852234345e-07,496
X976,4.197442105352263e-06,2.655649155130188e-07,497
X950,4.1636554431433e-06,2.1208133079097605e-07,498
X587_missing,4.156024554873044e-06,4.5977987969912436e-07,499
X636,3.932625504816887e-06,-1.4452787002566805e-08,500
X580_missing,3.894999991721982e-06,2.493448937540242e-07,501
X988,3.7934932056312246e-06,-6.39011665084192e-07,502
X993,3.6723835430184313e-06,4.190956232634158e-07,503
X915,3.611533019171477e-06,1.6773043028987938e-07,504
X965,3.6088122998266435e-06,-2.0753395730191548e-07,505
X594_missing,3.5638308864442126e-06,-4.7720264498368e-07,506
X957,3.5500322486113325e-06,2.1396662515549017e-07,507
X971,3.5373776717214076e-06,1.0662062452404157e-07,508
X926,3.3979646253343106e-06,9.263038314193015e-08,509
X941,3.301440833097628e-06,4.3204728599271265e-08,510
X548,3.2385453989945464e-06,1.7814824793041732e-07,511
X640,3.2384108916066213e-06,-3.821811583712165e-07,512
X951,3.1162507353244054e-06,-6.481079265431029e-07,513
X386,3.082751030631619e-06,1.7672385182624978e-07,514
X969,2.91780099673365e-06,5.793447232888861e-07,515
X332,2.8901608890550133e-06,-2.313710935472868e-07,516
X302,2.771355644127069e-06,-7.1887392440781126e-09,517
X848,2.566477462121005e-06,1.0356163723028154e-07,518
X918,2.3586776112132483e-06,-6.203170222645411e-07,519
X472,2.246631450437551e-06,1.8663830598264502e-08,520
X364,2.169459512095486e-06,2.0287286937724253e-07,521
X914,2.1427307200762142e-06,-3.2645622200392635e-07,522
X924,1.9622003261419667e-06,2.502501593632093e-07,523
X471,1.9603824412978715e-06,-5.99825870013963e-08,524
X916,1.9532503640265913e-06,-5.225412055575221e-07,525
X430,1.8259797216820673e-06,1.6709142825809997e-08,526
X846,1.739307238908201e-06,-4.774509754710872e-07,527
X990,1.7181260896984632e-06,1.7922993508596537e-07,528
X645,1.6672123657318794e-06,-7.40600285463389e-08,529
X956,1.6546219738297833e-06,1.585354553976e-07,530
X474,1.6053675443535752e-06,1.006625249960716e-07,531
position,1.3972301769582934e-06,-6.116101341420558e-08,532
X962,1.3844375364668272e-06,9.683016809048886e-08,533
X432,1.1302047279890864e-06,7.027071112796711e-08,534
X975,1.0608323552329976e-06,-2.931463851872951e-07,535
X992,9.851320186075458e-07,1.2680344210076856e-07,536
X921,0.0,0.0,537
X968,0.0,0.0,538
X966,0.0,0.0,539
X964,0.0,0.0,540
X981,0.0,0.0,541
X972,0.0,0.0,542
X1082,0.0,0.0,543
X384,0.0,0.0,544
X470,0.0,0.0,545
X469,0.0,0.0,546
X477,0.0,0.0,547
X514,0.0,0.0,548
X496,0.0,0.0,549
X512,0.0,0.0,550
X476,0.0,0.0,551
X954,0.0,0.0,552
X960,0.0,0.0,553
X959,0.0,0.0,554
X611,0.0,0.0,555
X372,0.0,0.0,556
X369,0.0,0.0,557
X368,0.0,0.0,558
X367,0.0,0.0,559
X366,0.0,0.0,560
X375,0.0,0.0,561
X374,0.0,0.0,562
X373,0.0,0.0,563
X920,0.0,0.0,564
X435,0.0,0.0,565
X467,0.0,0.0,566
X468,0.0,0.0,567
X930,0.0,0.0,568
X946,0.0,0.0,569
X927,0.0,0.0,570
X945,0.0,0.0,571
X947,0.0,0.0,572
X933,0.0,0.0,573
X578_missing,0.0,0.0,574
X989,0.0,0.0,575
X590_missing,0.0,0.0,576
