ufs_serial,run_id,wafer_no,date,die_x,die_y,health,split,position,pred
S00460,130,1,2026-05-10,28,19,0.0,val,1,0.0014450176791753
S01880,130,1,2026-05-10,48,13,0.0,val,1,0.001189909340381
S01998,130,1,2026-05-10,20,19,0.0,val,1,0.0012130761963627
S05504,130,1,2026-05-10,27,28,0.0,val,1,0.0012414982819553
S05505,130,1,2026-05-10,53,15,0.0,val,1,0.0011004794433613
S11671,130,1,2026-05-10,40,24,0.0,val,1,0.0016324778199198
S14549,130,1,2026-05-10,16,24,0.0,val,1,0.0013288043100375
S18913,130,1,2026-05-10,16,22,0.0,val,1,0.0012698140380642
S19462,130,1,2026-05-10,42,23,0.0017414216588004,val,1,0.0015442882406415
S21789,130,1,2026-05-10,32,28,0.0,val,1,0.0013026717071049
S21792,130,1,2026-05-10,37,16,0.0,val,1,0.0014976823270268
S21919,130,1,2026-05-10,60,26,0.0,val,1,0.0012072802587754
S22535,130,1,2026-05-10,61,25,0.0,val,1,0.001189502314677
S23371,130,1,2026-05-10,52,19,0.0,val,1,0.0012229622098506
S26398,130,1,2026-05-10,62,22,0.0,val,1,0.0011992372863096
S28333,130,1,2026-05-10,53,28,0.0,val,1,0.001283450805827
S31108,130,1,2026-05-10,50,30,0.0,val,1,0.0012393424970698
S32924,130,1,2026-05-10,23,27,0.0,val,1,0.0013384179846698
S34111,130,1,2026-05-10,45,25,0.0,val,1,0.0011483496785967
S35242,130,1,2026-05-10,52,21,0.0117843720731721,val,1,0.0013090442298596
S36083,130,1,2026-05-10,29,16,0.0,val,1,0.0013008663453151
S36642,130,1,2026-05-10,51,21,0.0,val,1,0.0012454737827198
S37171,130,1,2026-05-10,30,25,0.0,val,1,0.0012865006038639
S41246,130,1,2026-05-10,55,22,0.0,val,1,0.001274034954917
S00460,130,1,2026-05-10,30,19,0.0,val,2,0.0013290086878719
S01880,130,1,2026-05-10,49,13,0.0,val,2,0.0012869943170582
S01998,130,1,2026-05-10,22,19,0.0,val,2,0.0014016153413036
S05504,130,1,2026-05-10,24,28,0.0,val,2,0.0013131914805973
S05505,130,1,2026-05-10,55,15,0.0,val,2,0.0011042817518802
S11671,130,1,2026-05-10,38,24,0.0,val,2,0.0014056778347406
S14549,130,1,2026-05-10,14,24,0.0,val,2,0.0013077488282279
S18913,130,1,2026-05-10,14,22,0.0,val,2,0.0013876846716336
S19462,130,1,2026-05-10,44,23,0.0017414216588004,val,2,0.0015014336359184
S21789,130,1,2026-05-10,30,28,0.0,val,2,0.0012059595347856
S21792,130,1,2026-05-10,35,16,0.0,val,2,0.0014703362461136
S21919,130,1,2026-05-10,59,26,0.0,val,2,0.0011525279293281
S22535,130,1,2026-05-10,63,25,0.0,val,2,0.0011683934537286
S23371,130,1,2026-05-10,54,19,0.0,val,2,0.0012437402634482
S26398,130,1,2026-05-10,60,22,0.0,val,2,0.0010998055937395
S28333,130,1,2026-05-10,51,28,0.0,val,2,0.0012179194085856
S31108,130,1,2026-05-10,48,30,0.0,val,2,0.0011971326158609
S32924,130,1,2026-05-10,26,27,0.0,val,2,0.0013577669210169
S34111,130,1,2026-05-10,47,25,0.0,val,2,0.0012453146305197
S35242,130,1,2026-05-10,54,21,0.0117843720731721,val,2,0.0012961199712784
S36083,130,1,2026-05-10,27,16,0.0,val,2,0.0012717717909591
S36642,130,1,2026-05-10,53,21,0.0,val,2,0.0013153362133762
S37171,130,1,2026-05-10,32,25,0.0,val,2,0.0012258171220691
S41246,130,1,2026-05-10,53,22,0.0,val,2,0.0013947255295244
S00460,130,1,2026-05-10,24,19,0.0,val,3,0.0013118118887318
S01880,130,1,2026-05-10,46,13,0.0,val,3,0.0011355157517839
S01998,130,1,2026-05-10,16,19,0.0,val,3,0.0013256724132912
S05504,130,1,2026-05-10,31,28,0.0,val,3,0.0012237396482659
S05505,130,1,2026-05-10,49,15,0.0,val,3,0.0011469786179521
S11671,130,1,2026-05-10,44,24,0.0,val,3,0.0015276252888174
S14549,130,1,2026-05-10,20,24,0.0,val,3,0.0014116240547235
S18913,130,1,2026-05-10,20,22,0.0,val,3,0.0013955869924576
S19462,130,1,2026-05-10,38,23,0.0017414216588004,val,3,0.0014575519701395
S21789,130,1,2026-05-10,36,28,0.0,val,3,0.0012714915323408
S21792,130,1,2026-05-10,45,16,0.0,val,3,0.0012398592985953
S21919,130,1,2026-05-10,62,26,0.0,val,3,0.0012277867615635
S22535,130,1,2026-05-10,57,25,0.0,val,3,0.0012142121042588
S23371,130,1,2026-05-10,48,19,0.0,val,3,0.0013544581685343
S26398,130,1,2026-05-10,65,21,0.0,val,3,0.0012123458266463
S28333,130,1,2026-05-10,57,28,0.0,val,3,0.0012153814548199
S31108,130,1,2026-05-10,55,29,0.0,val,3,0.0012152130025771
S32924,130,1,2026-05-10,19,27,0.0,val,3,0.0015081552735556
S34111,130,1,2026-05-10,41,25,0.0,val,3,0.0012476228779232
S35242,130,1,2026-05-10,48,21,0.0117843720731721,val,3,0.0016285568884511
S36083,130,1,2026-05-10,33,16,0.0,val,3,0.0014216648451137
S36642,130,1,2026-05-10,47,21,0.0,val,3,0.0017192349557943
S37171,130,1,2026-05-10,26,25,0.0,val,3,0.001431030528237
S41246,130,1,2026-05-10,59,22,0.0,val,3,0.001134725370065
S00460,130,1,2026-05-10,26,19,0.0,val,4,0.0015224732584003
S01880,130,1,2026-05-10,47,13,0.0,val,4,0.0011060882682785
S01998,130,1,2026-05-10,18,19,0.0,val,4,0.0012693366931021
S05504,130,1,2026-05-10,29,28,0.0,val,4,0.0012476489128788
S05505,130,1,2026-05-10,51,15,0.0,val,4,0.0012482491083383
S11671,130,1,2026-05-10,42,24,0.0,val,4,0.0013459561860426
S14549,130,1,2026-05-10,18,24,0.0,val,4,0.0013280834117886
S18913,130,1,2026-05-10,18,22,0.0,val,4,0.0012312912930604
S19462,130,1,2026-05-10,40,23,0.0017414216588004,val,4,0.0013674419781006
S21789,130,1,2026-05-10,34,28,0.0,val,4,0.0011727808301201
S21792,130,1,2026-05-10,39,16,0.0,val,4,0.0012659870246588
S21919,130,1,2026-05-10,61,26,0.0,val,4,0.0011858951259388
S22535,130,1,2026-05-10,59,25,0.0,val,4,0.0012328021546137
S23371,130,1,2026-05-10,50,19,0.0,val,4,0.0013088971816286
S26398,130,1,2026-05-10,64,22,0.0,val,4,0.0012236018782439
S28333,130,1,2026-05-10,55,28,0.0,val,4,0.0012072265991957
S31108,130,1,2026-05-10,52,30,0.0,val,4,0.0012049727208956
S32924,130,1,2026-05-10,21,27,0.0,val,4,0.0014963948335911
S34111,130,1,2026-05-10,43,25,0.0,val,4,0.001393683227486
S35242,130,1,2026-05-10,50,21,0.0117843720731721,val,4,0.0014355002910679
S36083,130,1,2026-05-10,31,16,0.0,val,4,0.0012399253703853
S36642,130,1,2026-05-10,49,21,0.0,val,4,0.0015284890203472
S37171,130,1,2026-05-10,28,25,0.0,val,4,0.0015138905509769
S41246,130,1,2026-05-10,57,22,0.0,val,4,0.001389697085085
S01730,130,2,2026-05-10,16,26,0.0071418512483151,val,1,0.0026499746678142
S07465,130,2,2026-05-10,34,16,0.0,val,1,0.0031005294839747
S08382,130,2,2026-05-10,42,24,0.004613353197671,val,1,0.0031730912774595
S08892,130,2,2026-05-10,55,21,0.0,val,1,0.0031250748596145
S13564,130,2,2026-05-10,23,25,0.0052612635501355,val,1,0.0031202991793852
S14974,130,2,2026-05-10,24,23,0.0,val,1,0.0030659702153948
S17260,130,2,2026-05-10,51,22,0.0,val,1,0.0031471298391958
S22202,130,2,2026-05-10,38,26,0.0,val,1,0.0031629475419457
S27978,130,2,2026-05-10,28,21,0.0,val,1,0.0030459176299021
S27984,130,2,2026-05-10,24,29,0.0023146207654548,val,1,0.0029677380320835
S28710,130,2,2026-05-10,61,16,0.0177055103884372,val,1,0.0031825256922731
S29121,130,2,2026-05-10,50,31,0.0114173345922265,val,1,0.002490630746764
S31396,130,2,2026-05-10,47,21,0.0,val,1,0.0031581507226304
S32447,130,2,2026-05-10,21,14,0.0,val,1,0.0022512229905458
S32756,130,2,2026-05-10,27,14,0.0,val,1,0.0031315486366119
S32765,130,2,2026-05-10,36,21,0.0,val,1,0.0030134156340792
S34220,130,2,2026-05-10,47,25,0.0118433155564451,val,1,0.0031602190880057
S35466,130,2,2026-05-10,16,24,0.0027849971029305,val,1,0.0030417049875401
S37744,130,2,2026-05-10,49,17,0.0055615236560583,val,1,0.0031391023819539
S37752,130,2,2026-05-10,36,28,0.0,val,1,0.0031512728898715
S39126,130,2,2026-05-10,36,12,0.0,val,1,0.0029024851190907
S40687,130,2,2026-05-10,14,20,0.0063109508329947,val,1,0.0029451847476028
S43537,130,2,2026-05-10,43,16,0.0078822734094202,val,1,0.0031722365176301
S01730,130,2,2026-05-10,17,27,0.0071418512483151,val,2,0.0024298189600868
S07465,130,2,2026-05-10,32,16,0.0,val,2,0.0030730108678437
S08382,130,2,2026-05-10,40,24,0.004613353197671,val,2,0.003101160454854
S08892,130,2,2026-05-10,57,21,0.0,val,2,0.003113240704539
S13564,130,2,2026-05-10,25,25,0.0052612635501355,val,2,0.0030315911780613
S14974,130,2,2026-05-10,26,23,0.0,val,2,0.0030138280401748
S17260,130,2,2026-05-10,49,22,0.0,val,2,0.0031617397925617
S22202,130,2,2026-05-10,36,26,0.0,val,2,0.0031778333919169
S27978,130,2,2026-05-10,30,21,0.0,val,2,0.0030102340984921
S27984,130,2,2026-05-10,26,29,0.0023146207654548,val,2,0.0030089748257765
S28710,130,2,2026-05-10,59,16,0.0177055103884372,val,2,0.0030886376326143
S29121,130,2,2026-05-10,47,32,0.0114173345922265,val,2,0.0024048749312504
S31396,130,2,2026-05-10,49,21,0.0,val,2,0.0031549481859114
S32447,130,2,2026-05-10,19,15,0.0,val,2,0.0024335539898198
S32756,130,2,2026-05-10,25,14,0.0,val,2,0.0030813080538088
S32765,130,2,2026-05-10,42,21,0.0,val,2,0.0030790105186198
S34220,130,2,2026-05-10,49,25,0.0118433155564451,val,2,0.0030266877072637
S35466,130,2,2026-05-10,14,24,0.0027849971029305,val,2,0.0028027549108712
S37744,130,2,2026-05-10,52,17,0.0055615236560583,val,2,0.0030656228904993
S37752,130,2,2026-05-10,33,28,0.0,val,2,0.003148788983271
S39126,130,2,2026-05-10,34,12,0.0,val,2,0.0030482896369145
S40687,130,2,2026-05-10,14,21,0.0063109508329947,val,2,0.0031068968095712
S43537,130,2,2026-05-10,41,16,0.0078822734094202,val,2,0.003159850061884
S01730,130,2,2026-05-10,17,16,0.0071418512483151,val,3,0.0024509004609144
S07465,130,2,2026-05-10,38,16,0.0,val,3,0.0031376314447447
S08382,130,2,2026-05-10,46,24,0.004613353197671,val,3,0.0031518870782042
S08892,130,2,2026-05-10,51,21,0.0,val,3,0.0031438313424147
S13564,130,2,2026-05-10,18,25,0.0052612635501355,val,3,0.0030313445542186
S14974,130,2,2026-05-10,20,23,0.0,val,3,0.0030586916579253
S17260,130,2,2026-05-10,55,22,0.0,val,3,0.0031187976543837
S22202,130,2,2026-05-10,42,26,0.0,val,3,0.0030318824894789
S27978,130,2,2026-05-10,24,21,0.0,val,3,0.0030587403106708
S27984,130,2,2026-05-10,22,28,0.0023146207654548,val,3,0.0029969153743139
S28710,130,2,2026-05-10,55,15,0.0177055103884372,val,3,0.0031418443762496
S29121,130,2,2026-05-10,45,31,0.0114173345922265,val,3,0.0029987599089305
S31396,130,2,2026-05-10,43,21,0.0,val,3,0.0031135730377866
S32447,130,2,2026-05-10,24,13,0.0,val,3,0.0022630612187286
S32756,130,2,2026-05-10,31,14,0.0,val,3,0.0030940137202433
S32765,130,2,2026-05-10,32,21,0.0,val,3,0.0030842010358473
S34220,130,2,2026-05-10,42,25,0.0118433155564451,val,3,0.0029716314873794
S35466,130,2,2026-05-10,20,24,0.0027849971029305,val,3,0.0030453241788193
S37744,130,2,2026-05-10,40,17,0.0055615236560583,val,3,0.0030795081899919
S37752,130,2,2026-05-10,40,28,0.0,val,3,0.0032143824848212
S39126,130,2,2026-05-10,41,12,0.0,val,3,0.0030113185115109
S40687,130,2,2026-05-10,19,20,0.0063109508329947,val,3,0.0031261957457733
S43537,130,2,2026-05-10,50,16,0.0078822734094202,val,3,0.0031387128384417
S01730,130,2,2026-05-10,14,18,0.0071418512483151,val,4,0.0023090361135642
S07465,130,2,2026-05-10,36,16,0.0,val,4,0.0031784319849697
S08382,130,2,2026-05-10,44,24,0.004613353197671,val,4,0.0031028716693712
S08892,130,2,2026-05-10,53,21,0.0,val,4,0.0031657971684241
S13564,130,2,2026-05-10,20,25,0.0052612635501355,val,4,0.002996255113204
S14974,130,2,2026-05-10,22,23,0.0,val,4,0.0030819254470635
S17260,130,2,2026-05-10,53,22,0.0,val,4,0.0031072755932442
S22202,130,2,2026-05-10,40,26,0.0,val,4,0.0031414222996725
S27978,130,2,2026-05-10,26,21,0.0,val,4,0.0030645139855793
S27984,130,2,2026-05-10,20,28,0.0023146207654548,val,4,0.0028867155549275
S28710,130,2,2026-05-10,57,15,0.0177055103884372,val,4,0.0031461323505045
S29121,130,2,2026-05-10,47,31,0.0114173345922265,val,4,0.0029828637858942
S31396,130,2,2026-05-10,44,21,0.0,val,4,0.0030871546255007
S32447,130,2,2026-05-10,26,13,0.0,val,4,0.0026524586188468
S32756,130,2,2026-05-10,29,14,0.0,val,4,0.0031977437929167
S32765,130,2,2026-05-10,34,21,0.0,val,4,0.0030078077315337
S34220,130,2,2026-05-10,44,25,0.0118433155564451,val,4,0.0031841482078152
S35466,130,2,2026-05-10,18,24,0.0027849971029305,val,4,0.0030178463769441
S37744,130,2,2026-05-10,47,17,0.0055615236560583,val,4,0.0031375318079073
S37752,130,2,2026-05-10,38,28,0.0,val,4,0.0031442326757317
S39126,130,2,2026-05-10,38,12,0.0,val,4,0.0030485716747894
S40687,130,2,2026-05-10,16,20,0.0063109508329947,val,4,0.0030967383603821
S43537,130,2,2026-05-10,48,16,0.0078822734094202,val,4,0.0031050544321899
S00739,130,3,2026-05-10,21,23,0.0,val,1,0.0006922318355764
S01139,130,3,2026-05-10,39,19,0.0,val,1,0.0008713478774816
S01842,130,3,2026-05-10,22,15,0.0087847213016234,val,1,0.0009081310851624
S05506,130,3,2026-05-10,20,25,0.0,val,1,0.0008570036678739
S09239,130,3,2026-05-10,52,30,0.0,val,1,0.0007213963303056
S09240,130,3,2026-05-10,39,24,0.0,val,1,0.0007402192483087
S09642,130,3,2026-05-10,23,19,0.0,val,1,0.0007205828212915
S13800,130,3,2026-05-10,27,28,0.0,val,1,0.0006800668877922
S14943,130,3,2026-05-10,19,20,0.0,val,1,0.0008863174900149
S16763,130,3,2026-05-10,24,17,0.0,val,1,0.0008320167890688
S18072,130,3,2026-05-10,57,29,0.0,val,1,0.0008084297286277
S21395,130,3,2026-05-10,48,15,0.0,val,1,0.0008608540498455
S23362,130,3,2026-05-10,30,23,0.0,val,1,0.0008073851448062
S26394,130,3,2026-05-10,34,21,0.0,val,1,0.00102974928239
S29344,130,3,2026-05-10,53,18,0.0,val,1,0.0007712418874995
S32465,130,3,2026-05-10,56,25,0.0,val,1,0.0006817776253085
S33941,130,3,2026-05-10,45,18,0.0,val,1,0.0007164566313095
S34441,130,3,2026-05-10,32,29,0.0,val,1,0.0007594830073098
S35014,130,3,2026-05-10,50,31,0.0,val,1,0.0008442818374196
S00739,130,3,2026-05-10,24,23,0.0,val,2,0.0007457321069228
S01139,130,3,2026-05-10,41,19,0.0,val,2,0.0008448954496301
S01842,130,3,2026-05-10,25,15,0.0087847213016234,val,2,0.0010002991497916
S05506,130,3,2026-05-10,22,25,0.0,val,2,0.0006688417257556
S09239,130,3,2026-05-10,51,30,0.0,val,2,0.0007531975891222
S09240,130,3,2026-05-10,37,24,0.0,val,2,0.0008335799846635
S09642,130,3,2026-05-10,25,19,0.0,val,2,0.0008966992169067
S13800,130,3,2026-05-10,25,28,0.0,val,2,0.0007195562429306
S14943,130,3,2026-05-10,17,20,0.0,val,2,0.0007451953684823
S16763,130,3,2026-05-10,26,17,0.0,val,2,0.0007355112466259
S18072,130,3,2026-05-10,54,30,0.0,val,2,0.0008238708453647
S21395,130,3,2026-05-10,50,15,0.0,val,2,0.0009130886631392
S23362,130,3,2026-05-10,36,23,0.0,val,2,0.0008293750221772
S26394,130,3,2026-05-10,36,21,0.0,val,2,0.0006917148235666
S29344,130,3,2026-05-10,51,18,0.0,val,2,0.0007535974544611
S32465,130,3,2026-05-10,58,25,0.0,val,2,0.0007474825586246
S33941,130,3,2026-05-10,43,18,0.0,val,2,0.0007318438173
S34441,130,3,2026-05-10,34,29,0.0,val,2,0.0006718600699609
S35014,130,3,2026-05-10,49,31,0.0,val,2,0.0009091122461202
S00739,130,3,2026-05-10,17,23,0.0,val,3,0.000736040106188
S01139,130,3,2026-05-10,35,19,0.0,val,3,0.0008201355268576
S01842,130,3,2026-05-10,24,14,0.0087847213016234,val,3,0.0011663984734042
S05506,130,3,2026-05-10,14,24,0.0,val,3,0.0008222519690409
S09239,130,3,2026-05-10,54,29,0.0,val,3,0.0008010240515711
S09240,130,3,2026-05-10,43,24,0.0,val,3,0.0006612411536114
S09642,130,3,2026-05-10,17,19,0.0,val,3,0.0006850667240248
S13800,130,3,2026-05-10,31,28,0.0,val,3,0.0007027780566826
S14943,130,3,2026-05-10,23,20,0.0,val,3,0.0006630218067295
S16763,130,3,2026-05-10,19,17,0.0,val,3,0.0007229612028499
S18072,130,3,2026-05-10,60,28,0.0,val,3,0.0007967636106194
S21395,130,3,2026-05-10,44,15,0.0,val,3,0.0008157606795893
S23362,130,3,2026-05-10,26,23,0.0,val,3,0.0007205369299128
S26394,130,3,2026-05-10,30,21,0.0,val,3,0.0008282076914529
S29344,130,3,2026-05-10,57,18,0.0,val,3,0.0006944080942766
S32465,130,3,2026-05-10,52,25,0.0,val,3,0.0006612292104129
S33941,130,3,2026-05-10,49,18,0.0,val,3,0.0006590843122187
S34441,130,3,2026-05-10,28,29,0.0,val,3,0.0007647268127166
S35014,130,3,2026-05-10,53,30,0.0,val,3,0.0007823077003497
S00739,130,3,2026-05-10,19,23,0.0,val,4,0.0007575921185768
S01139,130,3,2026-05-10,37,19,0.0,val,4,0.0010648642331568
S01842,130,3,2026-05-10,20,15,0.0087847213016234,val,4,0.0010190806793116
S05506,130,3,2026-05-10,18,25,0.0,val,4,0.0006987688973499
S09239,130,3,2026-05-10,56,29,0.0,val,4,0.0007144751829142
S09240,130,3,2026-05-10,41,24,0.0,val,4,0.0007302967803948
S09642,130,3,2026-05-10,21,19,0.0,val,4,0.0007515592879671
S13800,130,3,2026-05-10,29,28,0.0,val,4,0.000706558779595
S14943,130,3,2026-05-10,21,20,0.0,val,4,0.0007319537384084
S16763,130,3,2026-05-10,22,17,0.0,val,4,0.0008506970643595
S18072,130,3,2026-05-10,58,29,0.0,val,4,0.0009846413120208
S21395,130,3,2026-05-10,46,15,0.0,val,4,0.0009031730060825
S23362,130,3,2026-05-10,28,23,0.0,val,4,0.0006901157548647
S26394,130,3,2026-05-10,32,21,0.0,val,4,0.0009511955239296
S29344,130,3,2026-05-10,55,18,0.0,val,4,0.0007144169723527
S32465,130,3,2026-05-10,54,25,0.0,val,4,0.0008017622742108
S33941,130,3,2026-05-10,47,18,0.0,val,4,0.00073428518485
S34441,130,3,2026-05-10,30,29,0.0,val,4,0.0007121970966098
S35014,130,3,2026-05-10,51,31,0.0,val,4,0.0008013119508626
S01799,130,4,2026-05-10,59,25,0.0,val,1,0.0006100315758453
S04674,130,4,2026-05-10,32,14,0.0,val,1,0.000731001726803
S06131,130,4,2026-05-10,49,12,0.0,val,1,0.0009956294990032
S07924,130,4,2026-05-10,51,30,0.0167662903106781,val,1,0.000952229644512
S09284,130,4,2026-05-10,40,16,0.0,val,1,0.000636735435856
S11668,130,4,2026-05-10,41,29,0.0,val,1,0.0006527668321692
S16764,130,4,2026-05-10,54,16,0.0,val,1,0.0006576066355966
S19311,130,4,2026-05-10,16,23,0.0017393373719557,val,1,0.000779338190341
S20551,130,4,2026-05-10,36,20,0.0,val,1,0.0006498291612387
S20553,130,4,2026-05-10,53,15,0.0,val,1,0.0006789137842784
S21394,130,4,2026-05-10,60,27,0.0,val,1,0.0007008165625141
S23357,130,4,2026-05-10,22,24,0.0,val,1,0.0006485857378062
S31666,130,4,2026-05-10,51,27,0.0,val,1,0.0006168990239204
S39345,130,4,2026-05-10,57,24,0.0,val,1,0.0006130965168259
S40089,130,4,2026-05-10,31,29,0.0,val,1,0.0006898875194004
S41247,130,4,2026-05-10,22,19,0.0,val,1,0.0006818425677404
S42195,130,4,2026-05-10,45,15,0.0,val,1,0.0007027604369081
S42950,130,4,2026-05-10,21,24,0.0,val,1,0.0006043355862407
S01799,130,4,2026-05-10,61,25,0.0,val,2,0.0007746602908059
S04674,130,4,2026-05-10,30,14,0.0,val,2,0.0006881242834084
S06131,130,4,2026-05-10,51,12,0.0,val,2,0.0009776320435541
S07924,130,4,2026-05-10,49,30,0.0167662903106781,val,2,0.0007987030204042
S09284,130,4,2026-05-10,38,16,0.0,val,2,0.0007624084632584
S11668,130,4,2026-05-10,43,29,0.0,val,2,0.0005954215543799
S16764,130,4,2026-05-10,53,16,0.0,val,2,0.0006567952632836
S19311,130,4,2026-05-10,18,23,0.0017393373719557,val,2,0.0007115884348742
S20551,130,4,2026-05-10,34,20,0.0,val,2,0.0006736842378497
S20553,130,4,2026-05-10,55,15,0.0,val,2,0.0007063325183946
S21394,130,4,2026-05-10,58,28,0.0,val,2,0.0009745415385899
S23357,130,4,2026-05-10,20,24,0.0,val,2,0.0006507359924706
S31666,130,4,2026-05-10,53,27,0.0,val,2,0.0006995476498205
S39345,130,4,2026-05-10,55,24,0.0,val,2,0.0006689590220366
S40089,130,4,2026-05-10,32,29,0.0,val,2,0.0007346368715982
S41247,130,4,2026-05-10,24,19,0.0,val,2,0.0006270006311935
S42195,130,4,2026-05-10,47,15,0.0,val,2,0.0007852236557836
S42950,130,4,2026-05-10,19,24,0.0,val,2,0.0006997448513685
S01799,130,4,2026-05-10,55,25,0.0,val,3,0.0006174658605385
S04674,130,4,2026-05-10,36,14,0.0,val,3,0.0007105663078177
S06131,130,4,2026-05-10,45,11,0.0,val,3,0.00095849997561
S07924,130,4,2026-05-10,54,29,0.0167662903106781,val,3,0.0010218900003187
S09284,130,4,2026-05-10,44,16,0.0,val,3,0.0008289480643602
S11668,130,4,2026-05-10,37,29,0.0,val,3,0.0007756311662767
S16764,130,4,2026-05-10,56,16,0.0,val,3,0.0006672045627339
S19311,130,4,2026-05-10,14,22,0.0017393373719557,val,3,0.0008619551211876
S20551,130,4,2026-05-10,40,20,0.0,val,3,0.0006880345338403
S20553,130,4,2026-05-10,49,15,0.0,val,3,0.0006722863820453
S21394,130,4,2026-05-10,55,27,0.0,val,3,0.0006539721028078
S23357,130,4,2026-05-10,26,24,0.0,val,3,0.0006685727827328
S31666,130,4,2026-05-10,47,27,0.0,val,3,0.000668204045181
S39345,130,4,2026-05-10,61,24,0.0,val,3,0.0008477400249967
S40089,130,4,2026-05-10,29,29,0.0,val,3,0.0006547689420858
S41247,130,4,2026-05-10,18,19,0.0,val,3,0.0006845382128719
S42195,130,4,2026-05-10,40,15,0.0,val,3,0.0007060393313086
S42950,130,4,2026-05-10,25,24,0.0,val,3,0.0006773116118058
S01799,130,4,2026-05-10,57,25,0.0,val,4,0.0006342287706489
S04674,130,4,2026-05-10,34,14,0.0,val,4,0.0007414883006351
S06131,130,4,2026-05-10,47,11,0.0,val,4,0.0012336455857147
S07924,130,4,2026-05-10,56,29,0.0167662903106781,val,4,0.0011232796323157
S09284,130,4,2026-05-10,42,16,0.0,val,4,0.0006980423675589
S11668,130,4,2026-05-10,39,29,0.0,val,4,0.0006552139404245
S16764,130,4,2026-05-10,55,16,0.0,val,4,0.0006362141914116
S19311,130,4,2026-05-10,13,23,0.0017393373719557,val,4,0.0011091310786907
S20551,130,4,2026-05-10,38,20,0.0,val,4,0.000650944355225
S20553,130,4,2026-05-10,51,15,0.0,val,4,0.0007324686916324
S21394,130,4,2026-05-10,57,27,0.0,val,4,0.0006670819867948
S23357,130,4,2026-05-10,24,24,0.0,val,4,0.0005999872713133
S31666,130,4,2026-05-10,49,27,0.0,val,4,0.0006643495714029
S39345,130,4,2026-05-10,59,24,0.0,val,4,0.0006114072222156
S40089,130,4,2026-05-10,30,29,0.0,val,4,0.0007226599972284
S41247,130,4,2026-05-10,20,19,0.0,val,4,0.0007143593857934
S42195,130,4,2026-05-10,42,15,0.0,val,4,0.0007105791424741
S42950,130,4,2026-05-10,23,24,0.0,val,4,0.0006401543632974
S12923,130,5,2026-05-10,17,20,0.0,val,1,0.003318596603829
S13555,130,5,2026-05-10,59,17,0.0013353538284621,val,1,0.0033199703207355
S13558,130,5,2026-05-10,39,14,0.0,val,1,0.0032293328517159
S15740,130,5,2026-05-10,38,32,0.0,val,1,0.0026770554320267
S20599,130,5,2026-05-10,24,17,0.0030914304552551,val,1,0.0033478245334796
S22620,130,5,2026-05-10,55,16,0.011041815440768,val,1,0.0033170637988641
S22624,130,5,2026-05-10,24,21,0.0031698652328926,val,1,0.0032971789848864
S24902,130,5,2026-05-10,15,26,0.0,val,1,0.0023563843114836
S25294,130,5,2026-05-10,18,16,0.0,val,1,0.00300463015084
S28707,130,5,2026-05-10,47,21,0.001203631722598,val,1,0.0033594350802337
S28784,130,5,2026-05-10,21,14,0.0,val,1,0.002166196184715
S30704,130,5,2026-05-10,56,20,0.002482269503546,val,1,0.0033309659976909
S30735,130,5,2026-05-10,16,23,0.0171323777809951,val,1,0.0032671785960061
S32121,130,5,2026-05-10,36,30,0.0,val,1,0.0033170363703126
S33386,130,5,2026-05-10,30,13,0.0,val,1,0.0033052937848719
S36849,130,5,2026-05-10,54,27,0.0,val,1,0.0033524381508123
S37753,130,5,2026-05-10,30,23,0.0,val,1,0.0033681114019361
S38222,130,5,2026-05-10,52,21,0.0028169812390183,val,1,0.0033778327752354
S39131,130,5,2026-05-10,57,28,0.0,val,1,0.0032711594546458
S40398,130,5,2026-05-10,32,31,0.0,val,1,0.0029306265589245
S40399,130,5,2026-05-10,48,22,0.0,val,1,0.0032287726400011
S40412,130,5,2026-05-10,33,16,0.0039256108590137,val,1,0.0032949053878832
S41303,130,5,2026-05-10,45,30,0.0,val,1,0.0033089033584255
S12923,130,5,2026-05-10,15,20,0.0,val,2,0.0032839399328673
S13555,130,5,2026-05-10,61,17,0.0013353538284621,val,2,0.0032722931452438
S13558,130,5,2026-05-10,37,14,0.0,val,2,0.0033316965899238
S15740,130,5,2026-05-10,36,31,0.0,val,2,0.0030935734946093
S20599,130,5,2026-05-10,26,17,0.0030914304552551,val,2,0.0033237064788312
S22620,130,5,2026-05-10,53,16,0.011041815440768,val,2,0.0034001494297231
S22624,130,5,2026-05-10,26,21,0.0031698652328926,val,2,0.0033305424521961
S24902,130,5,2026-05-10,17,27,0.0,val,2,0.0024559545329744
S25294,130,5,2026-05-10,18,17,0.0,val,2,0.0033195093093521
S28707,130,5,2026-05-10,49,21,0.001203631722598,val,2,0.0033596269699616
S28784,130,5,2026-05-10,20,14,0.0,val,2,0.0020682592648721
S30704,130,5,2026-05-10,54,20,0.002482269503546,val,2,0.0033592094103606
S30735,130,5,2026-05-10,18,23,0.0171323777809951,val,2,0.003285272954359
S32121,130,5,2026-05-10,33,30,0.0,val,2,0.0033275114157403
S33386,130,5,2026-05-10,31,13,0.0,val,2,0.0032951022744123
S36849,130,5,2026-05-10,56,27,0.0,val,2,0.0033470007341472
S37753,130,5,2026-05-10,32,23,0.0,val,2,0.0033298133886122
S38222,130,5,2026-05-10,53,21,0.0028169812390183,val,2,0.0033479543123267
S39131,130,5,2026-05-10,55,28,0.0,val,2,0.0032934704486018
S40398,130,5,2026-05-10,35,31,0.0,val,2,0.0031691610758387
S40399,130,5,2026-05-10,31,22,0.0,val,2,0.0033029596253974
S40412,130,5,2026-05-10,31,16,0.0039256108590137,val,2,0.0033144130432055
S41303,130,5,2026-05-10,43,30,0.0,val,2,0.0032910859022951
S12923,130,5,2026-05-10,21,20,0.0,val,3,0.0032953861972091
S13555,130,5,2026-05-10,55,17,0.0013353538284621,val,3,0.0033264025274748
S13558,130,5,2026-05-10,43,14,0.0,val,3,0.0033322054972685
S15740,130,5,2026-05-10,30,31,0.0,val,3,0.0027675942865663
S20599,130,5,2026-05-10,20,17,0.0030914304552551,val,3,0.0033346585374325
S22620,130,5,2026-05-10,59,16,0.011041815440768,val,3,0.0033220596714436
S22624,130,5,2026-05-10,20,21,0.0031698652328926,val,3,0.0033087789367736
S24902,130,5,2026-05-10,16,16,0.0,val,3,0.0020345612506189
S25294,130,5,2026-05-10,22,16,0.0,val,3,0.0033157081169105
S28707,130,5,2026-05-10,28,21,0.001203631722598,val,3,0.0033587631168961
S28784,130,5,2026-05-10,23,13,0.0,val,3,0.00190101464913
S30704,130,5,2026-05-10,60,20,0.002482269503546,val,3,0.0032909312263329
S30735,130,5,2026-05-10,15,22,0.0171323777809951,val,3,0.0032621107460544
S32121,130,5,2026-05-10,40,30,0.0,val,3,0.0032989001824843
S33386,130,5,2026-05-10,27,13,0.0,val,3,0.0031586021088935
S36849,130,5,2026-05-10,50,27,0.0,val,3,0.0033145345942385
S37753,130,5,2026-05-10,27,23,0.0,val,3,0.003197207149839
S38222,130,5,2026-05-10,50,21,0.0028169812390183,val,3,0.0032562757624026
S39131,130,5,2026-05-10,58,27,0.0,val,3,0.003295363263934
S40398,130,5,2026-05-10,31,30,0.0,val,3,0.0032898301965054
S40399,130,5,2026-05-10,52,22,0.0,val,3,0.003355956593886
S40412,130,5,2026-05-10,37,16,0.0039256108590137,val,3,0.0033649614691506
S41303,130,5,2026-05-10,49,30,0.0,val,3,0.0033261776306237
S12923,130,5,2026-05-10,19,20,0.0,val,4,0.0033766507471734
S13555,130,5,2026-05-10,57,17,0.0013353538284621,val,4,0.0033519507520513
S13558,130,5,2026-05-10,41,14,0.0,val,4,0.0032253999204064
S15740,130,5,2026-05-10,36,32,0.0,val,4,0.0024250286819222
S20599,130,5,2026-05-10,22,17,0.0030914304552551,val,4,0.0033486892372506
S22620,130,5,2026-05-10,57,16,0.011041815440768,val,4,0.0033364246506072
S22624,130,5,2026-05-10,22,21,0.0031698652328926,val,4,0.003280295617883
S24902,130,5,2026-05-10,14,18,0.0,val,4,0.0020829691264069
S25294,130,5,2026-05-10,20,16,0.0,val,4,0.003306679402322
S28707,130,5,2026-05-10,30,21,0.001203631722598,val,4,0.003326654896624
S28784,130,5,2026-05-10,22,14,0.0,val,4,0.0025547539407545
S30704,130,5,2026-05-10,58,20,0.002482269503546,val,4,0.0033097554744081
S30735,130,5,2026-05-10,14,23,0.0171323777809951,val,4,0.003227934602505
S32121,130,5,2026-05-10,38,30,0.0,val,4,0.0032975532333115
S33386,130,5,2026-05-10,28,13,0.0,val,4,0.0032797180094009
S36849,130,5,2026-05-10,52,27,0.0,val,4,0.00332924606363
S37753,130,5,2026-05-10,28,23,0.0,val,4,0.0033010619331625
S38222,130,5,2026-05-10,51,21,0.0028169812390183,val,4,0.0033721402053211
S39131,130,5,2026-05-10,61,27,0.0,val,4,0.003266111141652
S40398,130,5,2026-05-10,28,30,0.0,val,4,0.0031999875470128
S40399,130,5,2026-05-10,50,22,0.0,val,4,0.0033401478946005
S40412,130,5,2026-05-10,35,16,0.0039256108590137,val,4,0.0033506472697541
S41303,130,5,2026-05-10,47,30,0.0,val,4,0.0033194815183086
S00477,130,6,2026-05-10,28,26,0.0024248278957665,val,1,0.0010683294606387
S01143,130,6,2026-05-10,18,24,0.0,val,1,0.0010690213531151
S01806,130,6,2026-05-10,28,23,0.0,val,1,0.0008940558922174
S03301,130,6,2026-05-10,54,23,0.0,val,1,0.0009320940764871
S07548,130,6,2026-05-10,42,30,0.0,val,1,0.0013398774842955
S09243,130,6,2026-05-10,54,14,0.0,val,1,0.0010684640093079
S09248,130,6,2026-05-10,37,18,0.0,val,1,0.0009073773546233
S10160,130,6,2026-05-10,29,12,0.0,val,1,0.0009329890624956
S10738,130,6,2026-05-10,23,22,0.0,val,1,0.0010272527939201
S11667,130,6,2026-05-10,33,31,0.0,val,1,0.0013991963331054
S13399,130,6,2026-05-10,37,23,0.0,val,1,0.0008603569269758
S19578,130,6,2026-05-10,31,17,0.0,val,1,0.0009137757580084
S20371,130,6,2026-05-10,25,24,0.0,val,1,0.0008624777962187
S27355,130,6,2026-05-10,45,31,0.0,val,1,0.001326511077993
S28469,130,6,2026-05-10,44,25,0.0,val,1,0.0010479992412425
S30043,130,6,2026-05-10,48,15,0.0,val,1,0.000972492363148
S30111,130,6,2026-05-10,25,13,0.0,val,1,0.0010955364608189
S34991,130,6,2026-05-10,40,14,0.0,val,1,0.0011868277452604
S38587,130,6,2026-05-10,20,21,0.0,val,1,0.0010038760753316
S41679,130,6,2026-05-10,37,32,0.0,val,1,0.0012636012613252
S00477,130,6,2026-05-10,25,26,0.0024248278957665,val,2,0.0010676528479005
S01143,130,6,2026-05-10,16,24,0.0,val,2,0.0011930091197261
S01806,130,6,2026-05-10,31,23,0.0,val,2,0.0008321886876363
S03301,130,6,2026-05-10,56,23,0.0,val,2,0.0011037200535556
S07548,130,6,2026-05-10,39,30,0.0,val,2,0.0012514241441236
S09243,130,6,2026-05-10,53,14,0.0,val,2,0.0010276000968659
S09248,130,6,2026-05-10,35,18,0.0,val,2,0.0009119769201541
S10160,130,6,2026-05-10,28,12,0.0,val,2,0.0009548926696512
S10738,130,6,2026-05-10,21,22,0.0,val,2,0.0009636839103692
S11667,130,6,2026-05-10,35,31,0.0,val,2,0.0014524102697769
S13399,130,6,2026-05-10,39,23,0.0,val,2,0.0008930862846525
S19578,130,6,2026-05-10,33,17,0.0,val,2,0.0008919191187327
S20371,130,6,2026-05-10,23,24,0.0,val,2,0.0010529999654867
S27355,130,6,2026-05-10,47,31,0.0,val,2,0.0013836108541556
S28469,130,6,2026-05-10,46,25,0.0,val,2,0.0009035814248404
S30043,130,6,2026-05-10,51,15,0.0,val,2,0.0009731301601157
S30111,130,6,2026-05-10,26,13,0.0,val,2,0.0010595476557813
S34991,130,6,2026-05-10,39,14,0.0,val,2,0.0009488610659136
S38587,130,6,2026-05-10,22,21,0.0,val,2,0.0011484613260672
S41679,130,6,2026-05-10,42,32,0.0,val,2,0.0011914886899131
S00477,130,6,2026-05-10,32,26,0.0024248278957665,val,3,0.0011342418256421
S01143,130,6,2026-05-10,22,24,0.0,val,3,0.0010644711745873
S01806,130,6,2026-05-10,24,23,0.0,val,3,0.0009071134617934
S03301,130,6,2026-05-10,50,23,0.0,val,3,0.0009242298094004
S07548,130,6,2026-05-10,46,30,0.0,val,3,0.0012614432004348
S09243,130,6,2026-05-10,56,14,0.0,val,3,0.0012805292218461
S09248,130,6,2026-05-10,41,18,0.0,val,3,0.0009124083253711
S10160,130,6,2026-05-10,31,12,0.0,val,3,0.0011875797507754
S10738,130,6,2026-05-10,27,22,0.0,val,3,0.000943332798618
S11667,130,6,2026-05-10,29,30,0.0,val,3,0.0012385221865983
S13399,130,6,2026-05-10,33,23,0.0,val,3,0.0009093698138713
S19578,130,6,2026-05-10,26,17,0.0,val,3,0.0011494734927265
S20371,130,6,2026-05-10,29,24,0.0,val,3,0.0008902344055981
S27355,130,6,2026-05-10,38,31,0.0,val,3,0.0014660233358522
S28469,130,6,2026-05-10,39,25,0.0,val,3,0.0009225088891036
S30043,130,6,2026-05-10,44,15,0.0,val,3,0.0009444976044808
S30111,130,6,2026-05-10,27,12,0.0,val,3,0.0009499979957675
S34991,130,6,2026-05-10,43,14,0.0,val,3,0.001059088799059
S38587,130,6,2026-05-10,16,21,0.0,val,3,0.001135655363284
S41679,130,6,2026-05-10,28,31,0.0,val,3,0.0011683323241267
S00477,130,6,2026-05-10,30,26,0.0024248278957665,val,4,0.0010207616723768
S01143,130,6,2026-05-10,20,24,0.0,val,4,0.0012171701676783
S01806,130,6,2026-05-10,26,23,0.0,val,4,0.0010003726211535
S03301,130,6,2026-05-10,52,23,0.0,val,4,0.0009650627534831
S07548,130,6,2026-05-10,44,30,0.0,val,4,0.001452777043477
S09243,130,6,2026-05-10,55,14,0.0,val,4,0.0011654527416813
S09248,130,6,2026-05-10,39,18,0.0,val,4,0.0008724874713456
S10160,130,6,2026-05-10,30,12,0.0,val,4,0.0009976543305601
S10738,130,6,2026-05-10,25,22,0.0,val,4,0.0009733174455536
S11667,130,6,2026-05-10,27,30,0.0,val,4,0.0012599307934002
S13399,130,6,2026-05-10,35,23,0.0,val,4,0.0008408179709825
S19578,130,6,2026-05-10,29,17,0.0,val,4,0.0009966986502248
S20371,130,6,2026-05-10,27,24,0.0,val,4,0.0009645789215048
S27355,130,6,2026-05-10,43,31,0.0,val,4,0.001301897467652
S28469,130,6,2026-05-10,42,25,0.0,val,4,0.0010377134418859
S30043,130,6,2026-05-10,46,15,0.0,val,4,0.0009240847810316
S30111,130,6,2026-05-10,26,12,0.0,val,4,0.0008877718083928
S34991,130,6,2026-05-10,42,14,0.0,val,4,0.0009534764964827
S38587,130,6,2026-05-10,18,21,0.0,val,4,0.0009952306708203
S41679,130,6,2026-05-10,34,32,0.0,val,4,0.0011587828480343
S01519,130,7,2026-05-10,42,22,0.0043705371275809,val,1,0.0031738406772217
S04574,130,7,2026-05-10,36,14,0.0,val,1,0.0032054375555598
S06058,130,7,2026-05-10,30,13,0.0,val,1,0.0029772898705375
S09852,130,7,2026-05-10,50,24,0.0,val,1,0.0031599043168952
S10275,130,7,2026-05-10,58,21,0.0,val,1,0.0032039526777897
S13214,130,7,2026-05-10,40,31,0.0,val,1,0.0027667265616451
S20178,130,7,2026-05-10,21,17,0.0,val,1,0.0031522063918325
S28032,130,7,2026-05-10,25,19,0.0,val,1,0.0031210093428816
S28268,130,7,2026-05-10,35,31,0.0,val,1,0.0027615824279199
S28714,130,7,2026-05-10,49,29,0.0060274424482331,val,1,0.0030073891531461
S28724,130,7,2026-05-10,25,14,0.0099890964088494,val,1,0.0030361348005213
S30737,130,7,2026-05-10,33,19,0.0,val,1,0.0031748699349768
S31395,130,7,2026-05-10,55,19,0.0,val,1,0.0032312798696529
S32165,130,7,2026-05-10,31,16,0.0027317448539313,val,1,0.0032551570085637
S32770,130,7,2026-05-10,49,18,0.0025393029945381,val,1,0.0032341828633296
S35871,130,7,2026-05-10,50,28,0.0039669236786233,val,1,0.0029541054336532
S38694,130,7,2026-05-10,60,15,0.0,val,1,0.0023532266638739
S39124,130,7,2026-05-10,40,21,0.0,val,1,0.0031671528059979
S40043,130,7,2026-05-10,25,28,0.004942028120836,val,1,0.0030123095281144
S40405,130,7,2026-05-10,39,16,0.0,val,1,0.0031620456905082
S01519,130,7,2026-05-10,40,22,0.0043705371275809,val,2,0.0031598240858255
S04574,130,7,2026-05-10,34,14,0.0,val,2,0.003171720226424
S06058,130,7,2026-05-10,32,13,0.0,val,2,0.0032123298872721
S09852,130,7,2026-05-10,48,24,0.0,val,2,0.0032045781235852
S10275,130,7,2026-05-10,60,21,0.0,val,2,0.0032326526787181
S13214,130,7,2026-05-10,42,31,0.0,val,2,0.0028021028745333
S20178,130,7,2026-05-10,23,17,0.0,val,2,0.0032417241548815
S28032,130,7,2026-05-10,27,19,0.0,val,2,0.00313384843171
S28268,130,7,2026-05-10,37,31,0.0,val,2,0.0027310744431042
S28714,130,7,2026-05-10,51,29,0.0060274424482331,val,2,0.0030860416861041
S28724,130,7,2026-05-10,23,14,0.0099890964088494,val,2,0.0031720546876536
S30737,130,7,2026-05-10,35,19,0.0,val,2,0.0031742252832141
S31395,130,7,2026-05-10,58,19,0.0,val,2,0.003233826154698
S32165,130,7,2026-05-10,29,16,0.0027317448539313,val,2,0.0031960870711039
S32770,130,7,2026-05-10,47,18,0.0025393029945381,val,2,0.0032164464672245
S35871,130,7,2026-05-10,48,28,0.0039669236786233,val,2,0.0030428233217203
S38694,130,7,2026-05-10,62,16,0.0,val,2,0.0022588387721622
S39124,130,7,2026-05-10,42,21,0.0,val,2,0.003183748864182
S40043,130,7,2026-05-10,23,28,0.004942028120836,val,2,0.0030586211449268
S40405,130,7,2026-05-10,37,16,0.0,val,2,0.0032103355376447
S01519,130,7,2026-05-10,46,22,0.0043705371275809,val,3,0.0031528842794515
S04574,130,7,2026-05-10,40,14,0.0,val,3,0.0031614775320638
S06058,130,7,2026-05-10,32,12,0.0,val,3,0.0031401822971653
S09852,130,7,2026-05-10,54,24,0.0,val,3,0.0031977818558714
S10275,130,7,2026-05-10,54,21,0.0,val,3,0.0032235361873241
S13214,130,7,2026-05-10,36,31,0.0,val,3,0.0026586209854066
S20178,130,7,2026-05-10,17,17,0.0,val,3,0.0030999354280261
S28032,130,7,2026-05-10,21,19,0.0,val,3,0.0033045071377271
S28268,130,7,2026-05-10,28,30,0.0,val,3,0.0029085147619677
S28714,130,7,2026-05-10,44,29,0.0060274424482331,val,3,0.0030503234560858
S28724,130,7,2026-05-10,29,14,0.0099890964088494,val,3,0.003237876603716
S30737,130,7,2026-05-10,29,19,0.0,val,3,0.0031796716922065
S31395,130,7,2026-05-10,51,19,0.0,val,3,0.0031349938036868
S32165,130,7,2026-05-10,35,16,0.0027317448539313,val,3,0.0032290875828118
S32770,130,7,2026-05-10,53,18,0.0025393029945381,val,3,0.0031634799579686
S35871,130,7,2026-05-10,54,28,0.0039669236786233,val,3,0.0030269577398197
S38694,130,7,2026-05-10,58,14,0.0,val,3,0.0022991116068923
S39124,130,7,2026-05-10,35,21,0.0,val,3,0.0032056266587499
S40043,130,7,2026-05-10,29,28,0.004942028120836,val,3,0.0030009811651119
S40405,130,7,2026-05-10,44,16,0.0,val,3,0.0032292693761042
S01519,130,7,2026-05-10,44,22,0.0043705371275809,val,4,0.0031882094898373
S04574,130,7,2026-05-10,38,14,0.0,val,4,0.0032021673780328
S06058,130,7,2026-05-10,28,13,0.0,val,4,0.0031498463554793
S09852,130,7,2026-05-10,52,24,0.0,val,4,0.0032636586119781
S10275,130,7,2026-05-10,56,21,0.0,val,4,0.0032249400856719
S13214,130,7,2026-05-10,38,31,0.0,val,4,0.002930806617884
S20178,130,7,2026-05-10,19,17,0.0,val,4,0.0031731305010262
S28032,130,7,2026-05-10,23,19,0.0,val,4,0.0031765358766712
S28268,130,7,2026-05-10,32,31,0.0,val,4,0.0028583171469115
S28714,130,7,2026-05-10,47,29,0.0060274424482331,val,4,0.0030777776033468
S28724,130,7,2026-05-10,27,14,0.0099890964088494,val,4,0.0032488463704634
S30737,130,7,2026-05-10,31,19,0.0,val,4,0.0031764130024001
S31395,130,7,2026-05-10,53,19,0.0,val,4,0.0032135792483364
S32165,130,7,2026-05-10,33,16,0.0027317448539313,val,4,0.0031915880357357
S32770,130,7,2026-05-10,51,18,0.0025393029945381,val,4,0.0031797706699242
S35871,130,7,2026-05-10,52,28,0.0039669236786233,val,4,0.0030087948889211
S38694,130,7,2026-05-10,59,15,0.0,val,4,0.0024697192730977
S39124,130,7,2026-05-10,38,21,0.0,val,4,0.0031569294175866
S40043,130,7,2026-05-10,27,28,0.004942028120836,val,4,0.0030315791195671
S40405,130,7,2026-05-10,42,16,0.0,val,4,0.0032384394288698
S02015,130,8,2026-05-10,49,29,0.0,val,1,0.0028978124608584
S02977,130,8,2026-05-10,55,23,0.0,val,1,0.003192271039792
S05790,130,8,2026-05-10,18,26,0.0051233944292105,val,1,0.0031577983232426
S08376,130,8,2026-05-10,17,17,0.001133499823247,val,1,0.0032015231943388
S18740,130,8,2026-05-10,32,30,0.0031641338740585,val,1,0.0028416460455708
S18742,130,8,2026-05-10,15,23,0.0,val,1,0.0031614130992165
S18752,130,8,2026-05-10,56,23,0.0061750253151188,val,1,0.0031835448660979
S19824,130,8,2026-05-10,36,15,0.0,val,1,0.0031673186211229
S20597,130,8,2026-05-10,55,26,0.0,val,1,0.0031585253648734
S20773,130,8,2026-05-10,59,15,0.0,val,1,0.0020437132118953
S28043,130,8,2026-05-10,14,25,0.0,val,1,0.0022678431840089
S32760,130,8,2026-05-10,54,25,0.0025516621743036,val,1,0.0031633420822996
S32861,130,8,2026-05-10,15,26,0.0,val,1,0.0020668864897804
S33378,130,8,2026-05-10,34,31,0.0073248736201382,val,1,0.0028097205212308
S33383,130,8,2026-05-10,25,17,0.0163517322307886,val,1,0.0031953330764119
S34196,130,8,2026-05-10,19,24,0.0359114425272406,val,1,0.0031884044150469
S34197,130,8,2026-05-10,31,23,0.0168942685702462,val,1,0.0031756492953421
S35487,130,8,2026-05-10,41,31,0.0250958068236782,val,1,0.0029988364523209
S37264,130,8,2026-05-10,37,11,0.0,val,1,0.0021314952958315
S38215,130,8,2026-05-10,44,24,0.0070530668778329,val,1,0.003096459511249
S39815,130,8,2026-05-10,39,13,0.0,val,1,0.0031516151609434
S40407,130,8,2026-05-10,63,18,0.0019017881400358,val,1,0.0030963386640561
S43550,130,8,2026-05-10,57,28,0.0070841402004084,val,1,0.0028999907907379
S02015,130,8,2026-05-10,51,29,0.0,val,2,0.0029848833979604
S02977,130,8,2026-05-10,57,23,0.0,val,2,0.0031820224280688
S05790,130,8,2026-05-10,18,27,0.0051233944292105,val,2,0.002957611459728
S08376,130,8,2026-05-10,19,17,0.001133499823247,val,2,0.0032304716671106
S18740,130,8,2026-05-10,30,30,0.0031641338740585,val,2,0.0029367717636808
S18742,130,8,2026-05-10,17,23,0.0,val,2,0.0032444275910565
S18752,130,8,2026-05-10,58,23,0.0061750253151188,val,2,0.0031760388265231
S19824,130,8,2026-05-10,37,15,0.0,val,2,0.0031527065634541
S20597,130,8,2026-05-10,53,26,0.0,val,2,0.0031202016569996
S20773,130,8,2026-05-10,60,15,0.0,val,2,0.0020241918992312
S28043,130,8,2026-05-10,16,26,0.0,val,2,0.0021771005547596
S32760,130,8,2026-05-10,56,25,0.0025516621743036,val,2,0.0031686166108923
S32861,130,8,2026-05-10,17,27,0.0,val,2,0.0019093606926156
S33378,130,8,2026-05-10,36,31,0.0073248736201382,val,2,0.0028993277971561
S33383,130,8,2026-05-10,27,17,0.0163517322307886,val,2,0.0031925150069187
S34196,130,8,2026-05-10,17,24,0.0359114425272406,val,2,0.0032269070154522
S34197,130,8,2026-05-10,33,23,0.0168942685702462,val,2,0.003221059317188
S35487,130,8,2026-05-10,43,31,0.0250958068236782,val,2,0.0029587406088702
S37264,130,8,2026-05-10,38,11,0.0,val,2,0.0020704380965984
S38215,130,8,2026-05-10,42,24,0.0070530668778329,val,2,0.0031727871410005
S39815,130,8,2026-05-10,40,13,0.0,val,2,0.0031716869386383
S40407,130,8,2026-05-10,61,18,0.0019017881400358,val,2,0.0031063940613886
S43550,130,8,2026-05-10,56,28,0.0070841402004084,val,2,0.002920799696094
S02015,130,8,2026-05-10,44,29,0.0,val,3,0.0029125189060075
S02977,130,8,2026-05-10,51,23,0.0,val,3,0.0031567276340009
S05790,130,8,2026-05-10,22,26,0.0051233944292105,val,3,0.003149942176875
S08376,130,8,2026-05-10,22,16,0.001133499823247,val,3,0.0030918370870343
S18740,130,8,2026-05-10,37,30,0.0031641338740585,val,3,0.0029077911244435
S18742,130,8,2026-05-10,14,22,0.0,val,3,0.0031304653650219
S18752,130,8,2026-05-10,52,23,0.0061750253151188,val,3,0.0032118198948495
S19824,130,8,2026-05-10,33,15,0.0,val,3,0.0031340272088148
S20597,130,8,2026-05-10,60,26,0.0,val,3,0.003042416619026
S20773,130,8,2026-05-10,58,14,0.0,val,3,0.0022599285418068
S28043,130,8,2026-05-10,15,17,0.0,val,3,0.0019435470100143
S32760,130,8,2026-05-10,50,25,0.0025516621743036,val,3,0.0031320528628598
S32861,130,8,2026-05-10,16,17,0.0,val,3,0.0022444132912582
S33378,130,8,2026-05-10,28,30,0.0073248736201382,val,3,0.0028209815840361
S33383,130,8,2026-05-10,21,17,0.0163517322307886,val,3,0.0032288186569748
S34196,130,8,2026-05-10,23,24,0.0359114425272406,val,3,0.0030766882180656
S34197,130,8,2026-05-10,27,23,0.0168942685702462,val,3,0.0032314389596224
S35487,130,8,2026-05-10,37,31,0.0250958068236782,val,3,0.0029101442706417
S37264,130,8,2026-05-10,34,11,0.0,val,3,0.0017485871442034
S38215,130,8,2026-05-10,48,24,0.0070530668778329,val,3,0.0031419486183646
S39815,130,8,2026-05-10,37,13,0.0,val,3,0.0031491987437581
S40407,130,8,2026-05-10,60,17,0.0019017881400358,val,3,0.0031497752759111
S43550,130,8,2026-05-10,61,27,0.0070841402004084,val,3,0.0028848577568107
S02015,130,8,2026-05-10,46,29,0.0,val,4,0.0029469766069055
S02977,130,8,2026-05-10,53,23,0.0,val,4,0.0032157717304444
S05790,130,8,2026-05-10,20,26,0.0051233944292105,val,4,0.0031509417093239
S08376,130,8,2026-05-10,20,16,0.001133499823247,val,4,0.003169479852806
S18740,130,8,2026-05-10,34,30,0.0031641338740585,val,4,0.0029341033141991
S18742,130,8,2026-05-10,13,23,0.0,val,4,0.0030854204745809
S18752,130,8,2026-05-10,54,23,0.0061750253151188,val,4,0.0031372394580976
S19824,130,8,2026-05-10,35,15,0.0,val,4,0.0031613823533256
S20597,130,8,2026-05-10,57,26,0.0,val,4,0.0030023222236046
S20773,130,8,2026-05-10,57,14,0.0,val,4,0.0022980501141371
S28043,130,8,2026-05-10,14,18,0.0,val,4,0.0018634366791905
S32760,130,8,2026-05-10,52,25,0.0025516621743036,val,4,0.0031412639586949
S32861,130,8,2026-05-10,13,19,0.0,val,4,0.0021081525713023
S33378,130,8,2026-05-10,32,31,0.0073248736201382,val,4,0.0028861227726486
S33383,130,8,2026-05-10,23,17,0.0163517322307886,val,4,0.0032091238208501
S34196,130,8,2026-05-10,21,24,0.0359114425272406,val,4,0.0031048904522174
S34197,130,8,2026-05-10,29,23,0.0168942685702462,val,4,0.0031834114000805
S35487,130,8,2026-05-10,39,31,0.0250958068236782,val,4,0.0029697812660466
S37264,130,8,2026-05-10,36,11,0.0,val,4,0.001823886629042
S38215,130,8,2026-05-10,46,24,0.0070530668778329,val,4,0.0032316919964582
S39815,130,8,2026-05-10,38,13,0.0,val,4,0.0031809494086907
S40407,130,8,2026-05-10,62,17,0.0019017881400358,val,4,0.0031183360669422
S43550,130,8,2026-05-10,58,28,0.0070841402004084,val,4,0.0028315434831578
S02545,130,12,2026-05-10,34,21,0.0,val,1,0.0033915179535738
S07107,130,12,2026-05-10,28,27,0.0,val,1,0.0033795369133324
S14596,130,12,2026-05-10,38,30,0.0,val,1,0.0033244070592481
S18745,130,12,2026-05-10,24,14,0.0,val,1,0.0032308424879653
S18769,130,12,2026-05-10,19,27,0.0099989270098446,val,1,0.0033329087542006
S22397,130,12,2026-05-10,44,23,0.0,val,1,0.0033228275211216
S27980,130,12,2026-05-10,54,19,0.0,val,1,0.0032929109128436
S27989,130,12,2026-05-10,16,19,0.0,val,1,0.0033595871687456
S28709,130,12,2026-05-10,45,12,0.0,val,1,0.0030407685513002
S29375,130,12,2026-05-10,40,22,0.0,val,1,0.0033248732785177
S33388,130,12,2026-05-10,35,27,0.0052961360584812,val,1,0.0033746542652253
S35850,130,12,2026-05-10,21,22,0.0040219629930849,val,1,0.0034042285118664
S37755,130,12,2026-05-10,51,15,0.0,val,1,0.00328735668279
S40062,130,12,2026-05-10,22,16,0.0050904919443221,val,1,0.0032775808374697
S40681,130,12,2026-05-10,32,14,0.0,val,1,0.0033177728073536
S40682,130,12,2026-05-10,20,18,0.0,val,1,0.0034180411762665
S02545,130,12,2026-05-10,41,21,0.0,val,2,0.0032799151025528
S07107,130,12,2026-05-10,30,27,0.0,val,2,0.0034109051483941
S14596,130,12,2026-05-10,36,30,0.0,val,2,0.0033281433042612
S18745,130,12,2026-05-10,20,15,0.0,val,2,0.0032654756482698
S18769,130,12,2026-05-10,21,27,0.0099989270098446,val,2,0.0032507846253506
S22397,130,12,2026-05-10,45,23,0.0,val,2,0.0033145013198589
S27980,130,12,2026-05-10,56,19,0.0,val,2,0.0033711778371775
S27989,130,12,2026-05-10,18,19,0.0,val,2,0.0034287797709676
S28709,130,12,2026-05-10,43,12,0.0,val,2,0.0030221391223854
S29375,130,12,2026-05-10,34,22,0.0,val,2,0.0033484400397942
S33388,130,12,2026-05-10,38,27,0.0052961360584812,val,2,0.0034026732087361
S35850,130,12,2026-05-10,19,22,0.0040219629930849,val,2,0.0034260540925932
S37755,130,12,2026-05-10,53,15,0.0,val,2,0.0032749409981888
S40062,130,12,2026-05-10,20,16,0.0050904919443221,val,2,0.0033024756568914
S40681,130,12,2026-05-10,29,14,0.0,val,2,0.0033617199416294
S40682,130,12,2026-05-10,18,18,0.0,val,2,0.0034027315399561
S02545,130,12,2026-05-10,30,21,0.0,val,3,0.0033867968981267
S07107,130,12,2026-05-10,24,27,0.0,val,3,0.0033695681464609
S14596,130,12,2026-05-10,42,30,0.0,val,3,0.0033416014591767
S18745,130,12,2026-05-10,28,14,0.0,val,3,0.0033184576557216
S18769,130,12,2026-05-10,20,26,0.0099989270098446,val,3,0.0033618180894849
S22397,130,12,2026-05-10,42,23,0.0,val,3,0.0032932062680111
S27980,130,12,2026-05-10,50,19,0.0,val,3,0.0033388240858933
S27989,130,12,2026-05-10,16,18,0.0,val,3,0.0033765377796698
S28709,130,12,2026-05-10,46,31,0.0,val,3,0.003284612519519
S29375,130,12,2026-05-10,44,22,0.0,val,3,0.0033258550159259
S33388,130,12,2026-05-10,31,27,0.0052961360584812,val,3,0.0033108080846898
S35850,130,12,2026-05-10,25,22,0.0040219629930849,val,3,0.0033990789984111
S37755,130,12,2026-05-10,47,15,0.0,val,3,0.0033190776497268
S40062,130,12,2026-05-10,28,16,0.0050904919443221,val,3,0.0033772433161845
S40681,130,12,2026-05-10,36,14,0.0,val,3,0.0033444159135392
S40682,130,12,2026-05-10,24,18,0.0,val,3,0.0033774364844477
S02545,130,12,2026-05-10,32,21,0.0,val,4,0.0033364061108245
S07107,130,12,2026-05-10,26,27,0.0,val,4,0.0033561696759376
S14596,130,12,2026-05-10,40,30,0.0,val,4,0.0033710044330124
S18745,130,12,2026-05-10,26,14,0.0,val,4,0.0033142470286681
S18769,130,12,2026-05-10,17,26,0.0099989270098446,val,4,0.0033194232177523
S22397,130,12,2026-05-10,43,23,0.0,val,4,0.0033419869284637
S27980,130,12,2026-05-10,52,19,0.0,val,4,0.0033558682689622
S27989,130,12,2026-05-10,14,19,0.0,val,4,0.0032028093633494
S28709,130,12,2026-05-10,47,12,0.0,val,4,0.0029675096811988
S29375,130,12,2026-05-10,42,22,0.0,val,4,0.0033059747186882
S33388,130,12,2026-05-10,33,27,0.0052961360584812,val,4,0.003400049049543
S35850,130,12,2026-05-10,23,22,0.0040219629930849,val,4,0.0033947734403972
S37755,130,12,2026-05-10,49,15,0.0,val,4,0.0032511564032983
S40062,130,12,2026-05-10,25,16,0.0050904919443221,val,4,0.0033384791516988
S40681,130,12,2026-05-10,34,14,0.0,val,4,0.0033338929242906
S40682,130,12,2026-05-10,22,18,0.0,val,4,0.003421958324651
S04903,130,13,2026-05-10,15,25,0.0,val,1,0.0028144885315956
S07457,130,13,2026-05-10,57,15,0.0,val,1,0.0032310767823826
S08373,130,13,2026-05-10,45,31,0.0067975107707036,val,1,0.0029137963686471
S13482,130,13,2026-05-10,48,31,0.0036676666039399,val,1,0.002610692946374
S13552,130,13,2026-05-10,37,26,0.0111562549103234,val,1,0.0032169100076927
S20598,130,13,2026-05-10,58,24,0.0,val,1,0.0032131244315817
S25297,130,13,2026-05-10,55,19,0.0,val,1,0.0031774279825967
S25552,130,13,2026-05-10,62,27,0.0,val,1,0.002682603883561
S28034,130,13,2026-05-10,48,19,0.0,val,1,0.0031530743627432
S29118,130,13,2026-05-10,48,12,0.0,val,1,0.0025216659023529
S30728,130,13,2026-05-10,25,26,0.0128675994659151,val,1,0.0030745294024585
S33382,130,13,2026-05-10,46,30,0.0018266954821446,val,1,0.0031791310029465
S33385,130,13,2026-05-10,39,16,0.0073125873611417,val,1,0.0032273539237074
S34199,130,13,2026-05-10,34,30,0.0057843749136199,val,1,0.0031179483399006
S34217,130,13,2026-05-10,21,17,0.0167903784712502,val,1,0.0030224710102611
S35851,130,13,2026-05-10,54,14,0.0,val,1,0.0030691560471878
S35853,130,13,2026-05-10,52,24,0.002033867786317,val,1,0.0031697130149352
S38226,130,13,2026-05-10,34,24,0.0070775338852955,val,1,0.0031465217583483
S39257,130,13,2026-05-10,22,14,0.0,val,1,0.0026289934519689
S40037,130,13,2026-05-10,61,18,0.011471285515977,val,1,0.0031858046764352
S40678,130,13,2026-05-10,26,27,0.0,val,1,0.0030828354392716
S41474,130,13,2026-05-10,39,32,0.0,val,1,0.0024511747557063
S04903,130,13,2026-05-10,17,25,0.0,val,2,0.0030260531867434
S07457,130,13,2026-05-10,61,16,0.0,val,2,0.0031854242226652
S08373,130,13,2026-05-10,46,31,0.0067975107707036,val,2,0.002926075646947
S13482,130,13,2026-05-10,46,32,0.0036676666039399,val,2,0.0022624041406648
S13552,130,13,2026-05-10,35,26,0.0111562549103234,val,2,0.0031851773459082
S20598,130,13,2026-05-10,57,24,0.0,val,2,0.0032074538075211
S25297,130,13,2026-05-10,57,19,0.0,val,2,0.0031936398122513
S25552,130,13,2026-05-10,59,28,0.0,val,2,0.0028596545300011
S28034,130,13,2026-05-10,50,19,0.0,val,2,0.0032006926944012
S29118,130,13,2026-05-10,50,12,0.0,val,2,0.0021211069912476
S30728,130,13,2026-05-10,23,26,0.0128675994659151,val,2,0.0031428796083601
S33382,130,13,2026-05-10,45,30,0.0018266954821446,val,2,0.0031412943249013
S33385,130,13,2026-05-10,37,16,0.0073125873611417,val,2,0.0032206877871285
S34199,130,13,2026-05-10,33,30,0.0057843749136199,val,2,0.0031144056195121
S34217,130,13,2026-05-10,23,17,0.0167903784712502,val,2,0.003126920038172
S35851,130,13,2026-05-10,53,14,0.0,val,2,0.0031662662299853
S35853,130,13,2026-05-10,50,24,0.002033867786317,val,2,0.003121138476029
S38226,130,13,2026-05-10,32,24,0.0070775338852955,val,2,0.0031452475180787
S39257,130,13,2026-05-10,20,14,0.0,val,2,0.0019987320115549
S40037,130,13,2026-05-10,59,18,0.011471285515977,val,2,0.0031186678198414
S40678,130,13,2026-05-10,28,27,0.0,val,2,0.0031047730737116
S41474,130,13,2026-05-10,38,32,0.0,val,2,0.0024649279776479
S04903,130,13,2026-05-10,17,24,0.0,val,3,0.0030445707940337
S07457,130,13,2026-05-10,53,15,0.0,val,3,0.003251658227728
S08373,130,13,2026-05-10,43,31,0.0067975107707036,val,3,0.0028797228178324
S13482,130,13,2026-05-10,57,29,0.0036676666039399,val,3,0.0027805185780084
S13552,130,13,2026-05-10,41,26,0.0111562549103234,val,3,0.0032478457284822
S20598,130,13,2026-05-10,60,24,0.0,val,3,0.0032180121252583
S25297,130,13,2026-05-10,51,19,0.0,val,3,0.0032215588172084
S25552,130,13,2026-05-10,63,17,0.0,val,3,0.0027777026024852
S28034,130,13,2026-05-10,34,19,0.0,val,3,0.003155282814742
S29118,130,13,2026-05-10,44,11,0.0,val,3,0.0015232098638254
S30728,130,13,2026-05-10,29,26,0.0128675994659151,val,3,0.0031453167493415
S33382,130,13,2026-05-10,48,30,0.0018266954821446,val,3,0.0031723990639041
S33385,130,13,2026-05-10,51,16,0.0073125873611417,val,3,0.0031465789611098
S34199,130,13,2026-05-10,36,30,0.0057843749136199,val,3,0.0031522118761873
S34217,130,13,2026-05-10,17,17,0.0167903784712502,val,3,0.0030754562252592
S35851,130,13,2026-05-10,56,14,0.0,val,3,0.0031615114220886
S35853,130,13,2026-05-10,56,24,0.002033867786317,val,3,0.0031869782562679
S38226,130,13,2026-05-10,39,24,0.0070775338852955,val,3,0.0031419943333464
S39257,130,13,2026-05-10,29,12,0.0,val,3,0.0017882671064321
S40037,130,13,2026-05-10,61,17,0.011471285515977,val,3,0.0031145113850806
S40678,130,13,2026-05-10,22,27,0.0,val,3,0.0030634296584252
S41474,130,13,2026-05-10,41,32,0.0,val,3,0.0024360309066187
S04903,130,13,2026-05-10,15,24,0.0,val,4,0.0030761670254441
S07457,130,13,2026-05-10,55,15,0.0,val,4,0.0031925444000393
S08373,130,13,2026-05-10,44,31,0.0067975107707036,val,4,0.0029075164700389
S13482,130,13,2026-05-10,50,31,0.0036676666039399,val,4,0.0025678392987274
S13552,130,13,2026-05-10,39,26,0.0111562549103234,val,4,0.0031994717799402
S20598,130,13,2026-05-10,59,24,0.0,val,4,0.0031892385604178
S25297,130,13,2026-05-10,53,19,0.0,val,4,0.003213788179412
S25552,130,13,2026-05-10,63,26,0.0,val,4,0.002811244806754
S28034,130,13,2026-05-10,37,19,0.0,val,4,0.0031979411841414
S29118,130,13,2026-05-10,46,11,0.0,val,4,0.0015622594191763
S30728,130,13,2026-05-10,27,26,0.0128675994659151,val,4,0.0031291383802861
S33382,130,13,2026-05-10,47,30,0.0018266954821446,val,4,0.0032205698462464
S33385,130,13,2026-05-10,49,16,0.0073125873611417,val,4,0.0032202062502829
S34199,130,13,2026-05-10,35,30,0.0057843749136199,val,4,0.0031854604555514
S34217,130,13,2026-05-10,19,17,0.0167903784712502,val,4,0.0030437902559133
S35851,130,13,2026-05-10,55,14,0.0,val,4,0.0031835713185471
S35853,130,13,2026-05-10,54,24,0.002033867786317,val,4,0.0032256545850638
S38226,130,13,2026-05-10,36,24,0.0070775338852955,val,4,0.0031428920063323
S39257,130,13,2026-05-10,26,13,0.0,val,4,0.0026543636988283
S40037,130,13,2026-05-10,64,18,0.011471285515977,val,4,0.0031417625174269
S40678,130,13,2026-05-10,24,27,0.0,val,4,0.0030691450818377
S41474,130,13,2026-05-10,40,32,0.0,val,4,0.0024388527347092
S05941,130,18,2026-05-10,37,24,0.0,val,1,0.0011116763144894
S09232,130,18,2026-05-10,42,29,0.0,val,1,0.001622066192785
S09283,130,18,2026-05-10,54,26,0.0,val,1,0.0015338788456089
S12291,130,18,2026-05-10,49,15,0.0,val,1,0.001115523749985
S13142,130,18,2026-05-10,36,17,0.0,val,1,0.0010317444619531
S14938,130,18,2026-05-10,57,28,0.0,val,1,0.0015276086482134
S20377,130,18,2026-05-10,55,17,0.0,val,1,0.0013539570635079
S24370,130,18,2026-05-10,33,25,0.0,val,1,0.0012326552359391
S25156,130,18,2026-05-10,30,24,0.0,val,1,0.0013127062904487
S29175,130,18,2026-05-10,16,21,0.0069078147260154,val,1,0.0014135077489325
S29293,130,18,2026-05-10,52,18,0.0,val,1,0.0011409320247215
S29294,130,18,2026-05-10,23,23,0.0,val,1,0.0012627761834775
S29334,130,18,2026-05-10,42,14,0.0,val,1,0.0010673484726951
S30893,130,18,2026-05-10,56,15,0.0,val,1,0.0012363106974003
S31833,130,18,2026-05-10,48,31,0.0,val,1,0.0015557262432967
S32219,130,18,2026-05-10,39,23,0.0,val,1,0.0011027838233641
S34438,130,18,2026-05-10,41,29,0.0,val,1,0.00157191583875
S34439,130,18,2026-05-10,48,23,0.0,val,1,0.0010356647948523
S05941,130,18,2026-05-10,36,24,0.0,val,2,0.0011885876020001
S09232,130,18,2026-05-10,44,29,0.0,val,2,0.0015059273651318
S09283,130,18,2026-05-10,52,26,0.0,val,2,0.001339485783623
S12291,130,18,2026-05-10,51,15,0.0,val,2,0.001321408267421
S13142,130,18,2026-05-10,38,17,0.0,val,2,0.0009630361420612
S14938,130,18,2026-05-10,55,28,0.0,val,2,0.0015259870990771
S20377,130,18,2026-05-10,57,17,0.0,val,2,0.0012710436223899
S24370,130,18,2026-05-10,35,25,0.0,val,2,0.0011591372451991
S25156,130,18,2026-05-10,28,24,0.0,val,2,0.0012660925932776
S29175,130,18,2026-05-10,19,21,0.0069078147260154,val,2,0.0015078317830985
S29293,130,18,2026-05-10,50,18,0.0,val,2,0.0010549486854518
S29294,130,18,2026-05-10,25,23,0.0,val,2,0.0013270882819476
S29334,130,18,2026-05-10,40,14,0.0,val,2,0.0012260649735572
S30893,130,18,2026-05-10,58,15,0.0,val,2,0.00125983473365
S31833,130,18,2026-05-10,44,32,0.0,val,2,0.0014130595592892
S32219,130,18,2026-05-10,41,23,0.0,val,2,0.0010095055168974
S34438,130,18,2026-05-10,43,29,0.0,val,2,0.001351937518202
S34439,130,18,2026-05-10,50,23,0.0,val,2,0.0011737339441816
S05941,130,18,2026-05-10,40,24,0.0,val,3,0.0010481608068136
S09232,130,18,2026-05-10,38,29,0.0,val,3,0.0016708230036302
S09283,130,18,2026-05-10,56,26,0.0,val,3,0.0016100679790853
S12291,130,18,2026-05-10,45,15,0.0,val,3,0.0010062522366881
S13142,130,18,2026-05-10,32,17,0.0,val,3,0.0010467935823319
S14938,130,18,2026-05-10,59,27,0.0,val,3,0.0015477196774727
S20377,130,18,2026-05-10,51,17,0.0,val,3,0.0012349198536311
S24370,130,18,2026-05-10,29,25,0.0,val,3,0.0010922279854867
S25156,130,18,2026-05-10,34,24,0.0,val,3,0.0010612418040911
S29175,130,18,2026-05-10,16,20,0.0069078147260154,val,3,0.0016206072159684
S29293,130,18,2026-05-10,56,18,0.0,val,3,0.0013549884807105
S29294,130,18,2026-05-10,19,23,0.0,val,3,0.0015355517416617
S29334,130,18,2026-05-10,46,14,0.0,val,3,0.0012615927905092
S30893,130,18,2026-05-10,52,15,0.0,val,3,0.0012294469951847
S31833,130,18,2026-05-10,53,30,0.0,val,3,0.0015093766070261
S32219,130,18,2026-05-10,35,23,0.0,val,3,0.0010920416354039
S34438,130,18,2026-05-10,37,29,0.0,val,3,0.0014873914014619
S34439,130,18,2026-05-10,42,23,0.0,val,3,0.0010454210030935
S05941,130,18,2026-05-10,38,24,0.0,val,4,0.001100921525037
S09232,130,18,2026-05-10,40,29,0.0,val,4,0.0015069515036742
S09283,130,18,2026-05-10,55,26,0.0,val,4,0.0016581268110001
S12291,130,18,2026-05-10,47,15,0.0,val,4,0.0010609808388916
S13142,130,18,2026-05-10,34,17,0.0,val,4,0.0010217344746792
S14938,130,18,2026-05-10,61,27,0.0,val,4,0.0015180907013538
S20377,130,18,2026-05-10,53,17,0.0,val,4,0.0011380671466613
S24370,130,18,2026-05-10,31,25,0.0,val,4,0.0010824758759312
S25156,130,18,2026-05-10,32,24,0.0,val,4,0.001033350044903
S29175,130,18,2026-05-10,14,21,0.0069078147260154,val,4,0.0014380620079859
S29293,130,18,2026-05-10,54,18,0.0,val,4,0.0011956970990401
S29294,130,18,2026-05-10,21,23,0.0,val,4,0.0013932126577483
S29334,130,18,2026-05-10,44,14,0.0,val,4,0.0013569012258721
S30893,130,18,2026-05-10,54,15,0.0,val,4,0.0014308700034119
S31833,130,18,2026-05-10,50,31,0.0,val,4,0.0014300425142659
S32219,130,18,2026-05-10,37,23,0.0,val,4,0.0011116585369851
S34438,130,18,2026-05-10,39,29,0.0,val,4,0.0014268263843874
S34439,130,18,2026-05-10,46,23,0.0,val,4,0.0011141793600713
S08375,130,20,2026-05-10,38,23,0.0134305267495828,val,1,0.0032426977225713
S13363,130,20,2026-05-10,23,18,0.0,val,1,0.0032733588897098
S20591,130,20,2026-05-10,15,24,0.0030867072845049,val,1,0.0031912498969169
S22271,130,20,2026-05-10,36,27,0.0,val,1,0.0032507146361267
S22635,130,20,2026-05-10,16,18,0.0047448112577091,val,1,0.0032056223239514
S23702,130,20,2026-05-10,61,28,0.0,val,1,0.0015953855592066
S26258,130,20,2026-05-10,18,28,0.0,val,1,0.0018766035764871
S28702,130,20,2026-05-10,49,19,0.0,val,1,0.0032882234981797
S28705,130,20,2026-05-10,18,26,0.0061861624135244,val,1,0.0032328805040755
S28718,130,20,2026-05-10,39,12,0.0089116697021161,val,1,0.0031232608688293
S30702,130,20,2026-05-10,32,22,0.0026340196624002,val,1,0.0032833758116072
S30720,130,20,2026-05-10,22,25,0.0091885426083998,val,1,0.003193294881664
S32128,130,20,2026-05-10,38,29,0.0043930012507236,val,1,0.0032307813852827
S33379,130,20,2026-05-10,48,20,0.0036087452167788,val,1,0.0032410976012687
S34203,130,20,2026-05-10,25,28,0.0178314598679058,val,1,0.0031934310953225
S34204,130,20,2026-05-10,20,27,0.0273506468492183,val,1,0.0032208534964669
S35460,130,20,2026-05-10,48,26,0.0019465920929977,val,1,0.0032551682245683
S35857,130,20,2026-05-10,39,22,0.0,val,1,0.0031952500710764
S35867,130,20,2026-05-10,46,24,0.0,val,1,0.0032817122369104
S37748,130,20,2026-05-10,43,16,0.0,val,1,0.003267211453778
S38224,130,20,2026-05-10,27,28,0.0054755884605002,val,1,0.00314331000225
S39128,130,20,2026-05-10,47,29,0.0,val,1,0.0032443494537896
S40679,130,20,2026-05-10,39,29,0.0,val,1,0.0032209838527609
S08375,130,20,2026-05-10,40,23,0.0134305267495828,val,2,0.0032136791616411
S13363,130,20,2026-05-10,21,18,0.0,val,2,0.003250735909994
S20591,130,20,2026-05-10,15,25,0.0030867072845049,val,2,0.0030767416248922
S22271,130,20,2026-05-10,38,27,0.0,val,2,0.0032276977648811
S22635,130,20,2026-05-10,14,19,0.0047448112577091,val,2,0.0032407531604542
S23702,130,20,2026-05-10,60,28,0.0,val,2,0.0017966489075516
S26258,130,20,2026-05-10,22,29,0.0,val,2,0.0018421179857292
S28702,130,20,2026-05-10,51,19,0.0,val,2,0.0032382474083803
S28705,130,20,2026-05-10,17,26,0.0061861624135244,val,2,0.003138487546183
S28718,130,20,2026-05-10,37,12,0.0089116697021161,val,2,0.0032004814095282
S30702,130,20,2026-05-10,30,22,0.0026340196624002,val,2,0.0032906275650194
S30720,130,20,2026-05-10,24,25,0.0091885426083998,val,2,0.0033074014619776
S32128,130,20,2026-05-10,40,29,0.0043930012507236,val,2,0.0031884877851527
S33379,130,20,2026-05-10,46,20,0.0036087452167788,val,2,0.0032203354478883
S34203,130,20,2026-05-10,23,28,0.0178314598679058,val,2,0.0032143346258263
S34204,130,20,2026-05-10,21,27,0.0273506468492183,val,2,0.0031613459261917
S35460,130,20,2026-05-10,46,26,0.0019465920929977,val,2,0.0032747624254707
S35857,130,20,2026-05-10,37,22,0.0,val,2,0.0032326135299521
S35867,130,20,2026-05-10,44,24,0.0,val,2,0.0032238407571343
S37748,130,20,2026-05-10,41,16,0.0,val,2,0.0032767418882826
S38224,130,20,2026-05-10,24,28,0.0054755884605002,val,2,0.0031438662741436
S39128,130,20,2026-05-10,49,29,0.0,val,2,0.0032371428271116
S40679,130,20,2026-05-10,41,29,0.0,val,2,0.0032059545529127
S08375,130,20,2026-05-10,34,23,0.0134305267495828,val,3,0.0032477478026346
S13363,130,20,2026-05-10,27,18,0.0,val,3,0.003305239641927
S20591,130,20,2026-05-10,20,24,0.0030867072845049,val,3,0.0032693272554908
S22271,130,20,2026-05-10,30,27,0.0,val,3,0.0032985243817009
S22635,130,20,2026-05-10,20,18,0.0047448112577091,val,3,0.0032466194320292
S23702,130,20,2026-05-10,64,26,0.0,val,3,0.0016190078398441
S26258,130,20,2026-05-10,17,27,0.0,val,3,0.0019434953396145
S28702,130,20,2026-05-10,45,19,0.0,val,3,0.0032229329906234
S28705,130,20,2026-05-10,21,26,0.0061861624135244,val,3,0.0032113684627652
S28718,130,20,2026-05-10,43,12,0.0089116697021161,val,3,0.0031605332733917
S30702,130,20,2026-05-10,36,22,0.0026340196624002,val,3,0.0032725609898675
S30720,130,20,2026-05-10,18,25,0.0091885426083998,val,3,0.0032494461484197
S32128,130,20,2026-05-10,33,29,0.0043930012507236,val,3,0.0032299003465133
S33379,130,20,2026-05-10,52,20,0.0036087452167788,val,3,0.0032692780218936
S34203,130,20,2026-05-10,30,28,0.0178314598679058,val,3,0.0032674949574612
S34204,130,20,2026-05-10,18,27,0.0273506468492183,val,3,0.0030891465933683
S35460,130,20,2026-05-10,52,26,0.0019465920929977,val,3,0.0032240126000413
S35857,130,20,2026-05-10,43,22,0.0,val,3,0.0032479920006184
S35867,130,20,2026-05-10,50,24,0.0,val,3,0.00324479896398
S37748,130,20,2026-05-10,47,16,0.0,val,3,0.0032098333354117
S38224,130,20,2026-05-10,31,28,0.0054755884605002,val,3,0.003261028857581
S39128,130,20,2026-05-10,43,29,0.0,val,3,0.0032275625904145
S40679,130,20,2026-05-10,34,29,0.0,val,3,0.0032285597118747
S08375,130,20,2026-05-10,36,23,0.0134305267495828,val,4,0.0032552928631205
S13363,130,20,2026-05-10,25,18,0.0,val,4,0.0032964940342085
S20591,130,20,2026-05-10,17,24,0.0030867072845049,val,4,0.0032375231915672
S22271,130,20,2026-05-10,34,27,0.0,val,4,0.0032366837425349
S22635,130,20,2026-05-10,18,18,0.0047448112577091,val,4,0.0032169243690786
S23702,130,20,2026-05-10,62,27,0.0,val,4,0.0018209746077476
S26258,130,20,2026-05-10,19,28,0.0,val,4,0.0019214235608591
S28702,130,20,2026-05-10,47,19,0.0,val,4,0.0032229793355461
S28705,130,20,2026-05-10,19,26,0.0061861624135244,val,4,0.0030878553373884
S28718,130,20,2026-05-10,41,12,0.0089116697021161,val,4,0.0031102202208814
S30702,130,20,2026-05-10,34,22,0.0026340196624002,val,4,0.0032467179667073
S30720,130,20,2026-05-10,20,25,0.0091885426083998,val,4,0.0032292869588548
S32128,130,20,2026-05-10,35,29,0.0043930012507236,val,4,0.0032101296965048
S33379,130,20,2026-05-10,50,20,0.0036087452167788,val,4,0.0032527339012824
S34203,130,20,2026-05-10,28,28,0.0178314598679058,val,4,0.003143761314542
S34204,130,20,2026-05-10,19,27,0.0273506468492183,val,4,0.0030583159398114
S35460,130,20,2026-05-10,50,26,0.0019465920929977,val,4,0.0032669744952389
S35857,130,20,2026-05-10,41,22,0.0,val,4,0.0032030795851148
S35867,130,20,2026-05-10,48,24,0.0,val,4,0.0032541368385274
S37748,130,20,2026-05-10,45,16,0.0,val,4,0.0032268146333585
S38224,130,20,2026-05-10,29,28,0.0054755884605002,val,4,0.0031962228408288
S39128,130,20,2026-05-10,45,29,0.0,val,4,0.0032186922452488
S40679,130,20,2026-05-10,36,29,0.0,val,4,0.003225907890999
S01136,130,24,2026-05-10,53,23,0.007602527037156,val,1,0.0010876615671855
S03300,130,24,2026-05-10,21,22,0.0,val,1,0.0012392141858263
S06409,130,24,2026-05-10,53,14,0.0164815618744422,val,1,0.0011445724033293
S10739,130,24,2026-05-10,53,16,0.0,val,1,0.0011463997840535
S12976,130,24,2026-05-10,25,28,0.0,val,1,0.0012666398381934
S18812,130,24,2026-05-10,15,23,0.0060541831116308,val,1,0.0012444077317514
S21391,130,24,2026-05-10,27,26,0.0,val,1,0.0011786477860049
S27297,130,24,2026-05-10,53,26,0.0,val,1,0.0010705230602569
S28330,130,24,2026-05-10,30,30,0.0,val,1,0.0013759465666877
S30039,130,24,2026-05-10,59,20,0.0,val,1,0.0010786684795084
S31674,130,24,2026-05-10,28,14,0.0057567123033798,val,1,0.0011973663070863
S33675,130,24,2026-05-10,54,14,0.0,val,1,0.0009980825251382
S33945,130,24,2026-05-10,60,25,0.0,val,1,0.0011643697696533
S37164,130,24,2026-05-10,38,15,0.0,val,1,0.0011674063459171
S37168,130,24,2026-05-10,37,30,0.0,val,1,0.0013279321533695
S37713,130,24,2026-05-10,19,25,0.0,val,1,0.0012301066727091
S38590,130,24,2026-05-10,31,27,0.0,val,1,0.001226769800877
S39446,130,24,2026-05-10,24,17,0.0,val,1,0.0010842757551277
S42190,130,24,2026-05-10,61,17,0.0,val,1,0.0011241813803187
S43039,130,24,2026-05-10,29,30,0.0,val,1,0.0012275719771607
S01136,130,24,2026-05-10,55,23,0.007602527037156,val,2,0.001158581959817
S03300,130,24,2026-05-10,19,22,0.0,val,2,0.0012330328311392
S06409,130,24,2026-05-10,51,14,0.0164815618744422,val,2,0.0011246357356605
S10739,130,24,2026-05-10,50,16,0.0,val,2,0.0010580339865861
S12976,130,24,2026-05-10,23,28,0.0,val,2,0.0013006173495692
S18812,130,24,2026-05-10,17,23,0.0060541831116308,val,2,0.0013319274634885
S21391,130,24,2026-05-10,25,26,0.0,val,2,0.0011885389527607
S27297,130,24,2026-05-10,51,26,0.0,val,2,0.0011379979450514
S28330,130,24,2026-05-10,28,30,0.0,val,2,0.0013652556613881
S30039,130,24,2026-05-10,57,20,0.0,val,2,0.0010494494037888
S31674,130,24,2026-05-10,26,14,0.0057567123033798,val,2,0.0010983293390332
S33675,130,24,2026-05-10,52,14,0.0,val,2,0.0011924955551854
S33945,130,24,2026-05-10,61,25,0.0,val,2,0.0011326642874638
S37164,130,24,2026-05-10,40,15,0.0,val,2,0.0010426842971136
S37168,130,24,2026-05-10,35,30,0.0,val,2,0.0013173443577402
S37713,130,24,2026-05-10,21,25,0.0,val,2,0.001281975459002
S38590,130,24,2026-05-10,33,27,0.0,val,2,0.0010953779300947
S39446,130,24,2026-05-10,26,17,0.0,val,2,0.0010925267084759
S42190,130,24,2026-05-10,64,18,0.0,val,2,0.0011716238947509
S43039,130,24,2026-05-10,27,30,0.0,val,2,0.0013610461957903
S01136,130,24,2026-05-10,49,23,0.007602527037156,val,3,0.0011435909871624
S03300,130,24,2026-05-10,25,22,0.0,val,3,0.0012264414232069
S06409,130,24,2026-05-10,52,13,0.0164815618744422,val,3,0.0012188839726125
S10739,130,24,2026-05-10,57,16,0.0,val,3,0.0010306334883083
S12976,130,24,2026-05-10,29,28,0.0,val,3,0.0012342384639328
S18812,130,24,2026-05-10,16,22,0.0060541831116308,val,3,0.0013577929630388
S21391,130,24,2026-05-10,31,26,0.0,val,3,0.0012034420072001
S27297,130,24,2026-05-10,57,26,0.0,val,3,0.001124390257924
S28330,130,24,2026-05-10,34,30,0.0,val,3,0.0013259474781975
S30039,130,24,2026-05-10,65,20,0.0,val,3,0.0012036372037292
S31674,130,24,2026-05-10,33,14,0.0057567123033798,val,3,0.0010126021757666
S33675,130,24,2026-05-10,51,13,0.0,val,3,0.0012671229596557
S33945,130,24,2026-05-10,57,25,0.0,val,3,0.001164816442513
S37164,130,24,2026-05-10,34,15,0.0,val,3,0.0011447101142434
S37168,130,24,2026-05-10,41,30,0.0,val,3,0.0014146651210248
S37713,130,24,2026-05-10,14,24,0.0,val,3,0.0013150867478651
S38590,130,24,2026-05-10,27,27,0.0,val,3,0.0011734186911869
S39446,130,24,2026-05-10,20,17,0.0,val,3,0.0013663846880594
S42190,130,24,2026-05-10,57,17,0.0,val,3,0.001221130150015
S43039,130,24,2026-05-10,33,30,0.0,val,3,0.0013452109788621
S01136,130,24,2026-05-10,51,23,0.007602527037156,val,4,0.0013019385030771
S03300,130,24,2026-05-10,23,22,0.0,val,4,0.0013075330458576
S06409,130,24,2026-05-10,55,14,0.0164815618744422,val,4,0.001136718405072
S10739,130,24,2026-05-10,55,16,0.0,val,4,0.0010667243539013
S12976,130,24,2026-05-10,27,28,0.0,val,4,0.0011955854358334
S18812,130,24,2026-05-10,14,22,0.0060541831116308,val,4,0.0013199014978081
S21391,130,24,2026-05-10,29,26,0.0,val,4,0.0012400818222651
S27297,130,24,2026-05-10,55,26,0.0,val,4,0.0010920457556782
S28330,130,24,2026-05-10,32,30,0.0,val,4,0.0014779070538383
S30039,130,24,2026-05-10,63,20,0.0,val,4,0.0011639541802938
S31674,130,24,2026-05-10,31,14,0.0057567123033798,val,4,0.0010969383782586
S33675,130,24,2026-05-10,56,14,0.0,val,4,0.0011832967814915
S33945,130,24,2026-05-10,59,25,0.0,val,4,0.0011273806208267
S37164,130,24,2026-05-10,36,15,0.0,val,4,0.0010825404468964
S37168,130,24,2026-05-10,39,30,0.0,val,4,0.0013476299379302
S37713,130,24,2026-05-10,17,25,0.0,val,4,0.0012943597976481
S38590,130,24,2026-05-10,29,27,0.0,val,4,0.0011017347115449
S39446,130,24,2026-05-10,22,17,0.0,val,4,0.0011749241781137
S42190,130,24,2026-05-10,59,17,0.0,val,4,0.0010177960903331
S43039,130,24,2026-05-10,31,30,0.0,val,4,0.0013358969019591
