feature,importance
X178_mean,304
X552_range,271
X1031_range,269
X40_median,123
X167_median,106
X886_mean,92
X63_mean,75
X146_max,66
X125_std,43
X167_mean,40
X79_std,40
X674_std,38
X1064_mean,38
X64_std,35
X67_std,35
X52_std,33
X839_mean,32
X63_std,32
X549_std,32
X214_mean,32
X19_std,32
X483_std,31
X95_median,30
X264_max,30
X214_min,30
X77_std,30
X29_std,29
X120_median,29
X632_std,29
X486_std,29
X1020_max,29
X268_median,28
X74_std,28
X669_mean,28
X719_range,28
X676_mean,28
X480_min,27
X150_std,27
X1020_mean,27
X210_std,27
X187_std,27
X683_std,27
X749_mean,27
X214_std,26
X197_std,26
X37_std,26
X254_std,26
X119_range,26
X126_mean,26
X113_std,26
X680_median,25
X165_std,25
X550_max,25
X1031_std,24
X679_std,24
X828_std,24
X209_std,24
X669_median,24
X121_std,24
X65_std,24
X46_std,24
X1030_min,24
X250_min,24
X670_mean,24
X32_std,23
X18_std,23
X1044_std,23
X833_std,23
X552_std,23
X886_median,22
X76_std,22
X45_std,22
X83_min,22
X1008_min,22
X481_std,22
X214_median,22
X318_std,22
X262_std,22
X660_std,22
X830_mean,22
X721_std,22
X676_max,22
X995_std,22
X1045_std,22
X721_max,22
X690_std,22
X75_std,21
X73_std,21
X146_mean,21
X28_std,21
X680_std,21
X268_std,21
X40_mean,21
X722_range,21
X337_mean,21
X33_std,21
X994_mean,21
X50_std,21
X126_median,21
X86_min,20
X57_std,20
X578_mean,20
X828_range,20
X45_mean,20
X161_std,20
X1070_mean,20
X119_std,20
X749_median,20
X95_std,20
X268_mean,20
X264_mean,20
X480_std,20
X1083_range,20
X240_range,20
X121_median,20
X155_std,20
X952_std,20
X271_std,20
X999_range,19
X1042_std,19
X126_range,19
X656_max,19
X829_std,19
X1085_max,19
X835_mean,19
X1015_max,19
X320_std,19
X113_median,19
X24_std,19
X31_std,19
X1068_mean,19
X191_std,19
X128_std,19
X7_std,19
X83_std,19
X722_min,19
X41_std,19
X1085_min,19
X592_mean,19
X58_median,19
X731_std,19
X270_std,19
X995_median,18
X480_mean,18
X61_std,18
X484_mean,18
X670_min,18
X42_std,18
X38_median,18
X1001_std,18
X1085_std,18
X668_std,18
X188_std,18
X196_mean,18
X160_mean,18
X178_std,18
X145_std,18
X550_median,18
X974_median,18
X207_std,18
X57_min,18
X719_max,18
X834_mean,18
X442_mean,18
X298_std,18
X290_std,18
X119_median,18
X830_std,18
X732_std,18
X66_std,17
X247_std,17
X995_mean,17
X196_std,17
X1066_mean,17
X158_std,17
X578_median,17
X155_mean,17
X123_std,17
X730_median,17
X683_median,17
X4_std,17
X23_std,17
X10_std,17
X178_median,17
X197_median,17
X509_std,17
X1003_std,17
X999_std,17
X665_std,17
X446_std,17
X444_std,17
X264_std,17
X146_median,17
X1041_std,17
X46_min,17
X638_max,17
X667_range,17
X680_range,17
X125_range,17
X264_min,17
X337_min,17
X187_min,17
X1020_min,16
X499_mean,16
X205_max,16
X77_mean,16
X686_median,16
X486_mean,16
X17_std,16
X180_std,16
X268_min,16
X187_mean,16
X127_std,16
X155_max,16
X204_std,16
X190_mean,16
X484_median,16
X680_min,16
X1071_mean,16
X686_max,16
X128_median,16
X668_mean,16
X250_std,16
X240_std,16
X270_max,16
X661_std,16
X675_std,16
X734_std,16
X1029_std,16
X12_median,16
X736_std,16
X836_std,16
X822_std,16
X270_range,16
X78_median,16
X39_mean,16
X14_mean,16
X879_std,16
X23_mean,16
X41_mean,16
X207_max,15
X505_median,15
X613_mean,15
X550_min,15
X1084_range,15
X690_mean,15
X683_mean,15
X202_std,15
X185_std,15
X6_std,15
X58_max,15
X125_median,15
X91_median,15
X95_range,15
X997_std,15
X45_median,15
X653_std,15
X719_mean,15
X661_max,15
X667_mean,15
X726_range,15
X613_std,15
X669_range,15
X127_median,15
X1029_range,15
X161_range,15
X638_std,15
X448_std,15
X713_min,15
X1060_mean,15
X676_min,15
X106_std,15
X995_min,15
X167_std,15
X81_std,15
X832_std,15
X844_mean,15
X80_std,15
X71_std,15
X17_mean,15
X24_mean,15
X726_std,15
X730_std,15
X549_mean,15
X21_std,15
X86_std,15
X514_mean,15
X835_min,15
X74_mean,15
X855_mean,15
X1029_median,14
X1084_std,14
X1019_median,14
X1007_std,14
X1019_std,14
X726_mean,14
X1033_median,14
X550_range,14
X490_std,14
X974_std,14
X1058_std,14
X39_median,14
X670_std,14
X61_median,14
X721_mean,14
X466_std,14
X1002_range,14
X485_std,14
X479_std,14
X207_range,14
X253_std,14
X655_std,14
X429_std,14
X649_mean,14
X660_mean,14
X594_min,14
X644_mean,14
X197_mean,14
X485_median,14
X122_std,14
X1049_mean,14
X104_std,14
X204_max,14
X120_std,14
X999_min,14
X126_std,14
X95_min,14
X205_std,14
X58_mean,14
X76_mean,14
X66_mean,14
X713_median,14
X36_std,14
X726_min,14
X270_median,14
X680_mean,14
X113_range,14
X675_max,14
X65_median,14
X575_std,14
X578_std,14
X722_max,14
X562_std,14
X260_std,14
X337_max,14
X158_median,14
X1032_range,14
X730_mean,14
X660_max,14
X275_std,14
X549_max,14
X503_max,14
X47_std,13
X264_median,13
X451_mean,13
X655_mean,13
X1011_mean,13
X549_median,13
X113_min,13
X594_mean,13
X165_mean,13
X686_min,13
X677_median,13
X167_max,13
X481_mean,13
X664_median,13
X1074_mean,13
X131_std,13
X174_std,13
X550_mean,13
X14_std,13
X120_mean,13
X111_std,13
X121_mean,13
X1083_mean,13
X1033_min,13
X337_range,13
X1008_range,13
X337_std,13
X287_std,13
X327_median,13
X738_mean,13
X638_range,13
X668_range,13
X676_range,13
X105_median,13
X931_mean,13
X204_range,13
X484_std,13
X828_max,13
X506_std,13
X1083_std,13
X1030_std,13
X667_std,13
X719_std,13
X726_max,13
X669_std,13
X1015_std,13
X1008_std,13
X29_median,13
X46_median,13
X831_mean,13
X1002_std,13
X997_max,13
X995_max,13
X851_std,13
X893_std,13
X834_std,13
X838_std,13
X760_std,13
X739_std,13
X843_mean,13
X910_std,13
X29_mean,13
X998_max,13
X1020_median,13
X82_std,13
X46_mean,12
X62_std,12
X998_median,12
X78_std,12
X58_std,12
X1004_max,12
X69_std,12
X862_std,12
X868_std,12
X769_std,12
X880_mean,12
X827_std,12
X841_std,12
X835_std,12
X63_median,12
X1005_std,12
X1029_max,12
X853_std,12
X32_median,12
X18_median,12
X23_median,12
X725_std,12
X1080_std,12
X45_range,12
X1008_max,12
X65_range,12
X110_median,12
X723_std,12
X722_std,12
X648_std,12
X127_range,12
X644_std,12
X82_median,12
X1006_range,12
X1003_range,12
X721_range,12
X723_range,12
X188_range,12
X187_range,12
X253_range,12
X503_std,12
X27_median,12
X676_std,12
X652_std,12
X61_mean,12
X191_mean,12
X490_median,12
X481_min,12
X27_min,12
X656_mean,12
X1015_mean,12
X733_mean,12
X336_std,12
X270_mean,12
X187_median,12
X209_median,12
X660_range,12
X146_min,12
X178_min,12
X160_std,12
X483_mean,12
X196_max,12
X173_max,12
X670_median,12
X125_max,12
X110_std,12
X12_std,12
X828_min,12
X725_min,12
X660_median,12
X158_mean,12
X83_mean,12
X726_median,12
X721_median,12
X27_std,12
X832_median,12
X1085_mean,12
X57_range,11
X793_mean,11
X42_median,11
X50_median,11
X86_mean,11
X730_min,11
X119_mean,11
X585_mean,11
X1008_mean,11
X683_min,11
X290_median,11
X828_median,11
X730_range,11
X499_std,11
X563_std,11
X197_range,11
X483_range,11
X831_max,11
X501_std,11
X86_range,11
X713_std,11
X686_std,11
X1033_std,11
X27_range,11
X844_max,11
X576_std,11
X73_range,11
X123_median,11
X649_std,11
X1083_max,11
X910_mean,11
X761_std,11
X873_mean,11
X857_mean,11
X971_std,11
X857_std,11
X1004_std,11
X18_mean,11
X892_std,11
X59_std,11
X746_std,11
X27_mean,11
X1044_median,11
X1015_median,11
X1003_min,11
X731_median,11
X835_median,11
X59_mean,11
X719_min,11
X126_min,11
X178_max,11
X668_min,11
X260_mean,11
X71_mean,11
X998_min,11
X173_std,11
X442_std,11
X185_median,11
X202_median,11
X580_range,11
X588_max,11
X262_mean,11
X987_mean,11
X296_std,11
X337_median,11
X19_min,11
X668_max,11
X665_range,11
X723_mean,11
X204_mean,11
X443_std,11
X320_median,11
X188_median,11
X722_mean,11
X75_median,10
X448_mean,10
X1083_median,10
X42_mean,10
X1018_median,10
X1004_median,10
X1003_max,10
X1002_max,10
X19_mean,10
X999_max,10
X10_mean,10
X1006_std,10
X1012_std,10
X730_max,10
X683_max,10
X713_max,10
X725_max,10
X158_range,10
X870_std,10
X888_std,10
X904_std,10
X824_std,10
X831_std,10
X842_std,10
X879_mean,10
X881_mean,10
X784_std,10
X832_mean,10
X738_std,10
X62_median,10
X829_mean,10
X828_mean,10
X17_median,10
X1017_max,10
X675_range,10
X829_range,10
X452_std,10
X453_std,10
X461_std,10
X550_std,10
X484_range,10
X32_min,10
X210_mean,10
X250_mean,10
X677_mean,10
X262_median,10
X213_std,10
X1012_mean,10
X45_min,10
X674_max,10
X268_max,10
X327_max,10
X674_mean,10
X1016_range,10
X327_std,10
X447_std,10
X290_mean,10
X155_median,10
X1030_range,10
X376_std,10
X734_mean,10
X490_max,10
X285_std,10
X1015_range,10
X661_mean,10
X657_mean,10
X1018_mean,10
X443_median,10
X486_median,10
X58_min,10
X28_min,10
X732_min,10
X723_min,10
X479_mean,10
X185_min,10
X188_min,10
X656_median,10
X127_mean,10
X69_min,10
X1063_mean,10
X146_std,10
X744_median,10
X503_mean,10
X509_mean,10
X74_max,10
X53_std,10
X38_std,10
X722_median,10
X95_mean,10
X723_median,10
X1001_min,10
X1083_min,10
X1029_min,10
X1016_min,10
X19_max,10
X67_mean,10
X57_mean,10
X833_median,10
X588_mean,9
X665_min,9
X319_median,9
X851_mean,9
X856_mean,9
X41_min,9
X290_range,9
X268_range,9
X161_min,9
X1085_range,9
X667_min,9
X675_min,9
X848_std,9
X319_std,9
X1001_max,9
X1007_max,9
X17_min,9
X64_range,9
X395_mean,9
X210_range,9
X849_mean,9
X457_std,9
X728_mean,9
X732_mean,9
X1007_range,9
X79_mean,9
X690_median,9
X974_mean,9
X1001_range,9
X160_range,9
X145_range,9
X1006_median,9
X24_min,9
X31_min,9
X298_min,9
X802_std,9
X213_mean,9
X145_mean,9
X1044_range,9
X820_std,9
X821_std,9
X33_median,9
X806_std,9
X125_min,9
X413_mean,9
X454_std,9
X839_median,9
X594_std,9
X656_range,9
X33_mean,9
X36_mean,9
X32_mean,9
X1084_median,9
X50_mean,9
X1085_median,9
X1012_median,9
X91_std,9
X1080_mean,9
X40_std,9
X1029_mean,9
X1042_median,9
X509_max,9
X1033_max,9
X1030_max,9
X57_median,9
X77_min,9
X59_median,9
X664_std,9
X483_min,9
X721_min,9
X174_mean,9
X483_median,9
X667_max,9
X857_median,9
X161_mean,9
X891_mean,9
X585_std,9
X648_median,9
X174_median,9
X145_median,9
X145_min,9
X1018_min,9
X749_std,9
X750_std,9
X751_std,9
X805_mean,9
X502_mean,9
X892_median,9
X33_range,9
X549_min,9
X995_range,9
X319_mean,9
X106_max,9
X566_std,9
X18_range,9
X320_mean,9
X46_range,9
X76_max,9
X24_median,9
X840_mean,9
X442_min,9
X733_min,9
X657_range,9
X661_range,9
X713_range,9
X873_min,9
X79_median,9
X36_median,9
X643_std,9
X929_min,9
X32_max,9
X798_std,8
X210_median,8
X980_mean,8
X887_max,8
X675_median,8
X763_std,8
X460_std,8
X655_median,8
X73_mean,8
X638_mean,8
X562_mean,8
X510_mean,8
X860_std,8
X420_mean,8
X204_min,8
X661_median,8
X665_median,8
X782_max,8
X287_min,8
X128_mean,8
X119_min,8
X813_std,8
X207_min,8
X1001_median,8
X35_min,8
X167_min,8
X191_min,8
X190_min,8
X852_std,8
X817_std,8
X1017_range,8
X486_max,8
X214_max,8
X240_max,8
X28_mean,8
X6_mean,8
X4_mean,8
X713_mean,8
X875_mean,8
X843_std,8
X825_std,8
X106_mean,8
X795_median,8
X264_range,8
X732_median,8
X214_range,8
X731_mean,8
X205_range,8
X178_range,8
X1033_range,8
X119_max,8
X1004_range,8
X202_max,8
X725_median,8
X128_min,8
X1079_std,8
X376_mean,8
X752_std,8
X823_median,8
X1074_std,8
X839_min,8
X894_mean,8
X479_median,8
X505_std,8
X46_max,8
X19_median,8
X161_max,8
X655_max,8
X932_std,8
X657_max,8
X79_range,8
X82_range,8
X36_range,8
X52_range,8
X481_range,8
X66_max,8
X648_mean,8
X653_mean,8
X463_std,8
X24_range,8
X585_range,8
X207_median,8
X190_median,8
X196_median,8
X327_mean,8
X317_mean,8
X58_range,8
X490_mean,8
X844_median,8
X842_median,8
X490_min,8
X834_median,8
X989_std,8
X677_max,8
X683_range,8
X67_median,8
X1017_std,8
X731_range,8
X1007_min,8
X1006_min,8
X732_max,8
X723_max,8
X61_max,8
X29_max,8
X77_median,8
X64_median,8
X998_std,8
X833_mean,8
X566_min,8
X486_min,8
X52_mean,8
X1019_mean,8
X12_mean,8
X86_median,8
X997_mean,8
X1001_mean,8
X38_mean,8
X1030_median,8
X47_mean,7
X728_min,7
X765_median,7
X999_mean,7
X1002_mean,7
X1004_mean,7
X1084_mean,7
X112_std,7
X1008_median,7
X651_std,7
X665_mean,7
X91_min,7
X52_min,7
X346_mean,7
X664_range,7
X874_min,7
X827_mean,7
X1011_std,7
X18_max,7
X650_std,7
X677_range,7
X686_range,7
X450_mean,7
X836_max,7
X680_max,7
X690_max,7
X903_mean,7
X1015_min,7
X1013_std,7
X1018_std,7
X1020_std,7
X829_median,7
X38_max,7
X505_mean,7
X580_min,7
X773_mean,7
X4_range,7
X24_max,7
X27_max,7
X41_median,7
X180_median,7
X664_mean,7
X160_median,7
X1031_min,7
X733_std,7
X892_mean,7
X14_median,7
X649_median,7
X779_mean,7
X862_min,7
X578_range,7
X53_min,7
X59_min,7
X61_min,7
X480_median,7
X173_mean,7
X205_median,7
X122_mean,7
X123_mean,7
X655_min,7
X23_range,7
X613_min,7
X651_mean,7
X1084_max,7
X32_range,7
X549_range,7
X28_median,7
X91_max,7
X95_max,7
X202_mean,7
X665_max,7
X1044_min,7
X775_std,7
X431_std,7
X432_std,7
X62_mean,7
X64_mean,7
X450_std,7
X451_std,7
X127_max,7
X648_min,7
X78_range,7
X431_median,7
X924_std,7
X270_min,7
X748_mean,7
X254_mean,7
X812_std,7
X814_std,7
X785_std,7
X121_min,7
X110_range,7
X653_median,7
X657_median,7
X997_range,7
X462_std,7
X719_median,7
X411_std,7
X725_mean,7
X125_mean,7
X799_mean,7
X122_range,7
X1003_median,7
X980_median,7
X209_min,7
X899_std,7
X903_std,7
X207_mean,7
X240_mean,7
X253_mean,7
X160_min,7
X167_range,7
X187_max,7
X50_min,7
X1018_range,7
X485_max,7
X392_std,7
X1005_mean,7
X1006_mean,7
X1079_mean,7
X354_std,7
X336_max,7
X582_mean,7
X818_std,7
X196_min,7
X197_min,7
X852_mean,7
X35_std,7
X31_mean,7
X7_max,6
X504_min,6
X1017_mean,6
X39_std,6
X791_std,6
X766_std,6
X767_std,6
X767_median,6
X875_max,6
X433_median,6
X789_median,6
X973_std,6
X1000_mean,6
X753_max,6
X503_median,6
X653_range,6
X931_std,6
X948_std,6
X883_std,6
X254_min,6
X641_std,6
X52_median,6
X670_max,6
X318_mean,6
X191_median,6
X854_std,6
X731_max,6
X185_mean,6
X838_mean,6
X174_min,6
X868_median,6
X647_std,6
X594_max,6
X821_mean,6
X822_mean,6
X803_std,6
X581_median,6
X285_mean,6
X296_mean,6
X127_min,6
X298_mean,6
X250_median,6
X161_median,6
X745_mean,6
X76_median,6
X580_std,6
X873_std,6
X874_std,6
X581_std,6
X881_std,6
X80_min,6
X851_median,6
X854_median,6
X782_std,6
X81_median,6
X836_median,6
X593_mean,6
X907_std,6
X859_std,6
X864_std,6
X841_max,6
X563_mean,6
X354_mean,6
X1084_min,6
X481_median,6
X677_std,6
X62_max,6
X576_min,6
X761_mean,6
X444_mean,6
X52_max,6
X485_mean,6
X113_mean,6
X47_median,6
X62_min,6
X64_min,6
X42_max,6
X661_min,6
X61_range,6
X10_range,6
X14_range,6
X569_std,6
X583_std,6
X21_min,6
X39_range,6
X41_range,6
X42_range,6
X50_range,6
X53_range,6
X59_range,6
X561_range,6
X31_median,6
X86_max,6
X951_mean,6
X979_mean,6
X396_mean,6
X668_median,6
X63_range,6
X66_range,6
X67_range,6
X77_range,6
X120_max,6
X122_max,6
X82_mean,6
X785_mean,6
X998_range,6
X455_std,6
X459_std,6
X435_std,6
X33_min,6
X36_min,6
X75_mean,6
X128_range,6
X131_range,6
X676_median,6
X728_median,6
X81_mean,6
X483_max,6
X196_range,6
X209_range,6
X798_mean,6
X120_range,6
X23_min,6
X29_min,6
X254_range,6
X296_range,6
X808_min,6
X173_range,6
X174_range,6
X675_mean,6
X686_mean,6
X1031_max,6
X854_mean,6
X864_mean,6
X1011_median,6
X190_std,6
X1032_median,6
X1031_mean,6
X1032_mean,6
X1018_max,6
X840_std,6
X1044_max,6
X1005_max,6
X991_mean,6
X747_median,6
X664_min,6
X807_median,6
X73_min,5
X76_min,5
X336_mean,5
X122_median,5
X479_min,5
X484_min,5
X499_min,5
X817_mean,5
X819_mean,5
X36_max,5
X656_std,5
X640_std,5
X843_median,5
X732_range,5
X646_std,5
X39_max,5
X40_max,5
X41_max,5
X875_median,5
X572_std,5
X389_mean,5
X390_mean,5
X580_median,5
X780_mean,5
X782_mean,5
X725_range,5
X830_median,5
X71_median,5
X74_median,5
X746_mean,5
X33_max,5
X506_mean,5
X1080_median,5
X689_mean,5
X829_max,5
X1016_median,5
X777_mean,5
X428_mean,5
X431_mean,5
X434_mean,5
X731_min,5
X808_mean,5
X445_mean,5
X764_median,5
X53_max,5
X768_median,5
X905_median,5
X1080_max,5
X10_median,5
X638_median,5
X779_median,5
X585_median,5
X821_median,5
X815_mean,5
X816_mean,5
X868_min,5
X870_min,5
X998_mean,5
X1003_mean,5
X1007_mean,5
X590_std,5
X340_std,5
X45_max,5
X65_mean,5
X69_mean,5
X660_min,5
X1078_mean,5
X590_min,5
X739_min,5
X6_range,5
X884_std,5
X885_std,5
X17_range,5
X65_max,5
X510_std,5
X886_std,5
X819_std,5
X652_mean,5
X870_mean,5
X80_range,5
X81_range,5
X845_std,5
X889_mean,5
X890_mean,5
X173_min,5
X354_median,5
X593_max,5
X837_std,5
X563_range,5
X486_range,5
X800_std,5
X77_max,5
X79_max,5
X571_mean,5
X1004_min,5
X464_std,5
X296_median,5
X145_max,5
X150_max,5
X160_max,5
X205_mean,5
X397_mean,5
X398_mean,5
X247_mean,5
X824_max,5
X827_max,5
X62_range,5
X832_range,5
X400_median,5
X165_min,5
X880_std,5
X809_std,5
X810_std,5
X398_std,5
X400_std,5
X405_std,5
X811_std,5
X784_mean,5
X874_mean,5
X829_min,5
X832_min,5
X752_mean,5
X613_max,5
X456_std,5
X877_mean,5
X882_mean,5
X191_max,5
X883_mean,5
X887_mean,5
X1002_median,5
X420_std,5
X428_std,5
X756_std,5
X572_max,5
X764_std,5
X155_range,5
X738_median,5
X435_median,5
X679_median,5
X841_mean,5
X78_mean,5
X80_mean,5
X842_mean,5
X479_max,5
X845_mean,5
X394_std,5
X190_range,5
X191_range,5
X260_min,5
X202_range,5
X807_std,5
X250_range,5
X794_mean,5
X795_mean,5
X792_std,5
X204_median,5
X121_range,5
X452_mean,5
X455_mean,5
X589_mean,5
X590_mean,5
X677_min,5
X110_mean,5
X734_median,5
X454_median,5
X447_min,5
X450_min,5
X793_min,5
X797_min,5
X165_range,5
X429_min,5
X873_max,5
X39_min,5
X131_min,5
X744_std,5
X759_std,5
X893_mean,5
X860_mean,5
X464_mean,5
X105_std,5
X465_mean,5
X1013_mean,5
X842_max,5
X846_max,5
X777_std,5
X907_mean,5
X1033_mean,5
X354_max,5
X1016_max,5
X911_mean,5
X1016_mean,5
X679_range,5
X18_min,5
X834_max,5
X835_max,5
X1011_max,5
X1013_min,5
X318_max,5
X210_max,5
X317_std,5
X1017_min,5
X748_median,5
X165_median,5
X669_min,5
X173_median,5
X777_min,5
X1019_max,5
X1006_max,4
X1012_max,4
X1013_max,4
X982_mean,4
X988_mean,4
X247_max,4
X753_median,4
X760_median,4
X802_median,4
X806_median,4
X747_min,4
X586_mean,4
X1074_max,4
X679_mean,4
X1019_range,4
X1020_range,4
X262_max,4
X481_max,4
X484_max,4
X180_max,4
X395_std,4
X997_median,4
X576_mean,4
X584_mean,4
X111_mean,4
X112_mean,4
X260_range,4
X126_max,4
X973_mean,4
X720_mean,4
X1000_median,4
X973_median,4
X40_min,4
X47_min,4
X794_median,4
X185_range,4
X213_range,4
X797_mean,4
X298_range,4
X106_range,4
X788_mean,4
X816_min,4
X820_min,4
X504_mean,4
X977_mean,4
X128_max,4
X400_mean,4
X403_mean,4
X416_mean,4
X830_min,4
X783_max,4
X791_max,4
X667_median,4
X69_range,4
X74_range,4
X83_range,4
X561_std,4
X570_std,4
X932_median,4
X425_mean,4
X78_max,4
X81_max,4
X83_max,4
X953_mean,4
X110_max,4
X38_range,4
X40_range,4
X479_range,4
X656_min,4
X657_min,4
X588_min,4
X841_min,4
X19_range,4
X29_range,4
X31_range,4
X910_median,4
X388_mean,4
X392_mean,4
X63_min,4
X504_std,4
X874_median,4
X53_median,4
X66_median,4
X69_median,4
X28_max,4
X35_max,4
X657_std,4
X631_std,4
X889_median,4
X638_min,4
X583_range,4
X645_median,4
X584_median,4
X1075_std,4
X834_min,4
X836_min,4
X587_median,4
X589_median,4
X590_median,4
X613_median,4
X585_min,4
X830_max,4
X613_range,4
X643_range,4
X767_mean,4
X768_mean,4
X833_max,4
X917_mean,4
X4_max,4
X1070_min,4
X645_std,4
X505_max,4
X754_std,4
X1074_min,4
X271_mean,4
X66_min,4
X67_min,4
X344_mean,4
X429_mean,4
X433_mean,4
X1081_std,4
X810_mean,4
X813_mean,4
X881_min,4
X578_max,4
X804_std,4
X765_std,4
X1019_min,4
X745_std,4
X747_std,4
X583_median,4
X1032_std,4
X765_max,4
X837_median,4
X110_min,4
X123_min,4
X867_range,4
X253_median,4
X793_std,4
X799_std,4
X755_std,4
X757_std,4
X552_max,4
X801_std,4
X566_mean,4
X569_mean,4
X572_mean,4
X285_median,4
X287_median,4
X209_mean,4
X202_min,4
X106_min,4
X808_std,4
X780_std,4
X783_std,4
X841_median,4
X992_std,4
X824_mean,4
X903_min,4
X867_std,4
X317_median,4
X318_median,4
X336_median,4
X834_range,4
X275_median,4
X592_max,4
X839_std,4
X853_mean,4
X859_mean,4
X888_mean,4
X509_median,4
X674_range,4
X690_range,4
X839_max,4
X679_max,4
X988_std,4
X728_max,4
X733_max,4
X859_median,4
X460_mean,4
X462_mean,4
X188_mean,4
X951_std,4
X831_range,4
X158_min,4
X875_std,4
X877_std,4
X866_mean,4
X867_mean,4
X894_std,4
X847_std,4
X848_mean,4
X750_mean,4
X754_mean,4
X757_mean,4
X911_std,4
X644_max,4
X664_max,4
X459_mean,4
X856_max,4
X455_min,4
X442_median,4
X444_median,4
X446_median,4
X907_max,4
X327_min,4
X643_mean,4
X917_std,4
X926_std,4
X887_std,4
X1045_mean,4
X1076_mean,4
X432_max,4
X298_max,4
X1032_max,4
X1080_range,4
X7_mean,4
X1058_median,4
X1058_mean,4
X53_mean,4
X1017_median,4
X35_mean,4
X1044_mean,4
X769_median,4
X790_median,4
X14_min,3
X791_median,3
X775_median,3
X766_median,3
X763_median,3
X736_min,3
X734_min,3
X1031_median,3
X1013_median,3
X1007_median,3
X21_mean,3
X398_max,3
X1079_median,3
X1074_median,3
X296_max,3
X805_median,3
X779_min,3
X752_min,3
X587_mean,3
X736_mean,3
X480_max,3
X165_max,3
X174_max,3
X994_median,3
X10_min,3
X679_min,3
X720_min,3
X674_min,3
X575_mean,3
X577_mean,3
X583_mean,3
X849_std,3
X889_std,3
X253_min,3
X205_min,3
X210_min,3
X915_std,3
X552_mean,3
X648_max,3
X649_max,3
X631_mean,3
X632_mean,3
X453_mean,3
X454_mean,3
X448_median,3
X460_median,3
X446_min,3
X852_median,3
X856_median,3
X461_mean,3
X840_max,3
X847_max,3
X499_median,3
X953_std,3
X836_mean,3
X837_mean,3
X830_range,3
X399_median,3
X155_min,3
X882_std,3
X868_mean,3
X896_std,3
X846_std,3
X501_median,3
X866_std,3
X819_range,3
X254_median,3
X260_median,3
X850_mean,3
X502_median,3
X506_median,3
X986_std,3
X955_std,3
X960_std,3
X962_std,3
X846_median,3
X847_median,3
X848_median,3
X850_median,3
X563_max,3
X1002_min,3
X298_median,3
X105_min,3
X815_std,3
X990_std,3
X670_range,3
X563_min,3
X501_min,3
X739_max,3
X744_max,3
X746_max,3
X975_std,3
X979_std,3
X907_min,3
X911_min,3
X569_median,3
X572_median,3
X1016_std,3
X755_max,3
X758_max,3
X759_max,3
X760_max,3
X875_min,3
X831_median,3
X840_median,3
X213_median,3
X888_range,3
X850_range,3
X247_median,3
X795_std,3
X758_std,3
X850_min,3
X854_min,3
X808_median,3
X446_mean,3
X805_std,3
X762_std,3
X768_std,3
X773_std,3
X779_std,3
X912_mean,3
X302_mean,3
X332_mean,3
X1032_min,3
X753_std,3
X505_min,3
X563_median,3
X689_std,3
X900_mean,3
X905_mean,3
X864_median,3
X1005_min,3
X287_mean,3
X74_min,3
X79_min,3
X342_mean,3
X367_mean,3
X435_mean,3
X443_mean,3
X803_mean,3
X806_mean,3
X809_mean,3
X890_min,3
X593_median,3
X578_min,3
X764_mean,3
X766_mean,3
X775_mean,3
X112_median,3
X877_median,3
X879_median,3
X881_median,3
X882_median,3
X916_mean,3
X10_max,3
X12_max,3
X1058_min,3
X728_std,3
X496_max,3
X73_median,3
X80_median,3
X37_max,3
X932_mean,3
X887_median,3
X894_median,3
X896_median,3
X632_min,3
X570_min,3
X586_range,3
X641_median,3
X814_median,3
X859_min,3
X860_min,3
X864_min,3
X588_median,3
X653_min,3
X842_min,3
X12_range,3
X21_range,3
X28_range,3
X498_mean,3
X391_mean,3
X394_mean,3
X65_min,3
X584_std,3
X586_std,3
X588_std,3
X589_std,3
X964_mean,3
X67_max,3
X71_max,3
X674_median,3
X823_max,3
X825_max,3
X644_min,3
X71_range,3
X150_range,3
X91_range,3
X35_range,3
X73_max,3
X47_max,3
X571_std,3
X497_std,3
X949_mean,3
X646_mean,3
X952_mean,3
X37_range,3
X123_range,3
X146_range,3
X739_median,3
X746_median,3
X783_mean,3
X465_std,3
X445_std,3
X399_mean,3
X405_mean,3
X411_mean,3
X458_std,3
X433_std,3
X434_std,3
X968_mean,3
X113_max,3
X827_min,3
X733_median,3
X813_min,3
X802_max,3
X758_min,3
X761_min,3
X121_max,3
X975_mean,3
X406_std,3
X1013_range,3
X999_median,3
X185_max,3
X188_max,3
X190_max,3
X1070_max,3
X763_min,3
X180_range,3
X290_max,3
X1045_max,3
X1063_max,3
X1064_max,3
X364_std,3
X456_max,3
X466_max,3
X209_max,3
X213_max,3
X254_max,3
X750_median,3
X429_range,3
X755_median,3
X757_median,3
X758_median,3
X761_median,3
X428_min,3
X879_max,3
X428_median,3
X432_median,3
X400_min,3
X896_max,3
X903_max,3
X318_min,3
X340_min,3
X354_min,3
X846_mean,3
X920_std,3
X925_std,3
X929_std,3
X346_std,3
X1041_mean,3
X6_min,2
X411_max,2
X407_max,2
X394_max,2
X474_mean,2
X465_max,2
X461_max,2
X455_max,2
X387_mean,2
X386_mean,2
X385_mean,2
X335_std,2
X1056_mean,2
X285_max,2
X275_max,2
X302_std,2
X992_mean,2
X989_mean,2
X985_mean,2
X983_mean,2
X387_std,2
X386_std,2
X383_std,2
X931_range,2
X340_mean,2
X83_median,2
X81_min,2
X75_min,2
X275_mean,2
X150_median,2
X1042_range,2
X1075_max,2
X35_median,2
X21_median,2
X879_range,2
X120_min,2
X112_min,2
X37_median,2
X106_median,2
X430_std,2
X425_std,2
X393_std,2
X391_std,2
X390_std,2
X413_std,2
X409_std,2
X397_std,2
X972_mean,2
X123_max,2
X197_max,2
X968_median,2
X952_median,2
X962_mean,2
X841_range,2
X835_range,2
X640_mean,2
X744_mean,2
X395_median,2
X131_median,2
X903_range,2
X240_median,2
X959_mean,2
X158_max,2
X131_max,2
X911_median,2
X948_mean,2
X240_min,2
X213_min,2
X296_min,2
X425_median,2
X759_mean,2
X758_mean,2
X376_median,2
X931_median,2
X548_std,2
X105_max,2
X582_std,2
X907_median,2
X903_median,2
X899_median,2
X893_median,2
X891_median,2
X50_max,2
X75_max,2
X69_max,2
X919_mean,2
X888_median,2
X747_mean,2
X262_min,2
X247_min,2
X392_median,2
X390_median,2
X833_range,2
X827_range,2
X31_max,2
X880_median,2
X873_median,2
X1080_min,2
X1079_min,2
X510_max,2
X905_max,2
X756_mean,2
X753_mean,2
X500_max,2
X637_std,2
X946_mean,2
X925_mean,2
X904_mean,2
X899_mean,2
X896_mean,2
X1068_min,2
X1060_min,2
X1049_min,2
X17_max,2
X14_max,2
X6_max,2
X915_mean,2
X884_median,2
X788_std,2
X929_mean,2
X748_std,2
X447_median,2
X988_max,2
X386_min,2
X975_max,2
X1041_min,2
X1011_min,2
X1073_min,2
X870_median,2
X867_median,2
X866_median,2
X823_std,2
X580_max,2
X570_max,2
X889_max,2
X880_max,2
X877_max,2
X443_min,2
X899_max,2
X893_max,2
X566_max,2
X796_std,2
X794_std,2
X891_std,2
X890_std,2
X856_std,2
X855_std,2
X850_std,2
X816_std,2
X868_max,2
X867_max,2
X864_max,2
X862_max,2
X859_max,2
X429_median,2
X587_max,2
X583_max,2
X997_min,2
X847_mean,2
X643_max,2
X561_mean,2
X632_max,2
X913_std,2
X905_std,2
X900_std,2
X849_median,2
X845_median,2
X458_mean,2
X457_mean,2
X464_median,2
X463_median,2
X462_median,2
X461_median,2
X458_median,2
X433_min,2
X420_min,2
X411_min,2
X950_std,2
X947_std,2
X942_std,2
X987_std,2
X466_median,2
X848_max,2
X843_max,2
X447_mean,2
X852_max,2
X465_min,2
X463_min,2
X669_max,2
X466_mean,2
X463_mean,2
X853_median,2
X823_mean,2
X747_max,2
X738_max,2
X932_min,2
X968_std,2
X994_std,2
X838_median,2
X485_min,2
X569_min,2
X552_min,2
X655_range,2
X648_range,2
X452_median,2
X764_range,2
X802_mean,2
X801_mean,2
X879_min,2
X769_max,2
X506_min,2
X769_mean,2
X765_mean,2
X763_mean,2
X762_mean,2
X745_range,2
X552_median,2
X510_median,2
X498_min,2
X763_max,2
X761_max,2
X825_median,2
X811_median,2
X809_median,2
X856_min,2
X855_min,2
X852_min,2
X851_min,2
X575_min,2
X572_min,2
X571_min,2
X570_range,2
X579_median,2
X577_median,2
X576_median,2
X575_median,2
X888_min,2
X880_min,2
X76_range,2
X75_range,2
X47_range,2
X7_range,2
X641_min,2
X499_range,2
X485_range,2
X587_min,2
X582_min,2
X581_min,2
X837_min,2
X833_min,2
X867_min,2
X773_max,2
X831_min,2
X824_min,2
X821_min,2
X849_min,2
X847_min,2
X845_min,2
X112_range,2
X800_mean,2
X796_mean,2
X803_min,2
X800_min,2
X820_max,2
X631_median,2
X650_median,2
X646_median,2
X792_max,2
X784_max,2
X777_max,2
X801_max,2
X798_max,2
X810_min,2
X285_range,2
X247_range,2
X765_min,2
X759_min,2
X736_median,2
X453_range,2
X566_range,2
X649_min,2
X821_max,2
X792_min,2
X748_min,2
X746_min,2
X738_min,2
X766_min,2
X327_range,2
X320_range,2
X317_range,2
X804_median,2
X803_median,2
X762_median,2
X754_median,2
X785_median,2
X773_median,2
X690_min,2
X757_min,2
X749_min,2
X131_mean,2
X91_mean,2
X1074_range,2
X1073_max,2
X42_min,2
X38_min,2
X1005_range,2
X1030_mean,2
X1081_mean,2
X271_max,2
X376_max,2
X433_max,2
X431_max,2
X1042_mean,2
X1068_max,2
X1045_median,2
X1068_median,2
X1042_max,1
X37_mean,1
X1041_median,1
X1081_median,1
X1078_median,1
X435_max,1
X443_max,1
X451_max,1
X342_max,1
X420_max,1
X425_max,1
X429_max,1
X7_median,1
X6_median,1
X4_median,1
X650_mean,1
X647_mean,1
X645_mean,1
X342_std,1
X332_std,1
X287_max,1
X319_max,1
X317_max,1
X373_std,1
X344_std,1
X388_std,1
X385_std,1
X987_median,1
X790_min,1
X788_min,1
X784_min,1
X783_min,1
X808_max,1
X807_max,1
X745_min,1
X744_min,1
X775_min,1
X769_min,1
X319_range,1
X800_median,1
X799_median,1
X759_median,1
X756_median,1
X752_median,1
X764_min,1
X762_min,1
X798_min,1
X448_range,1
X447_range,1
X445_range,1
X444_range,1
X811_max,1
X581_mean,1
X580_mean,1
X569_range,1
X562_range,1
X509_range,1
X822_max,1
X794_min,1
X791_min,1
X788_max,1
X779_max,1
X775_max,1
X803_max,1
X800_max,1
X799_max,1
X797_max,1
X796_max,1
X795_max,1
X814_min,1
X287_range,1
X275_range,1
X271_range,1
X262_range,1
X798_median,1
X793_median,1
X802_min,1
X819_max,1
X817_max,1
X816_max,1
X815_max,1
X814_max,1
X812_max,1
X462_range,1
X461_range,1
X503_range,1
X644_median,1
X643_median,1
X637_median,1
X799_min,1
X794_max,1
X790_max,1
X857_min,1
X814_mean,1
X820_median,1
X817_median,1
X815_median,1
X813_median,1
X823_min,1
X815_min,1
X843_min,1
X791_mean,1
X790_mean,1
X789_mean,1
X111_range,1
X105_range,1
X336_range,1
X807_min,1
X882_min,1
X812_mean,1
X811_mean,1
X104_range,1
X792_mean,1
X838_min,1
X588_range,1
X593_min,1
X652_min,1
X651_min,1
X501_range,1
X480_range,1
X589_range,1
X832_max,1
X586_min,1
X583_min,1
X827_median,1
X1059_std,1
X1056_std,1
X889_min,1
X579_min,1
X582_range,1
X576_range,1
X571_range,1
X632_median,1
X728_range,1
X582_median,1
X570_median,1
X887_min,1
X886_min,1
X885_min,1
X883_min,1
X920_min,1
X752_max,1
X981_std,1
X804_mean,1
X1077_std,1
X877_min,1
X566_median,1
X562_median,1
X509_min,1
X760_mean,1
X500_median,1
X503_min,1
X502_min,1
X766_max,1
X762_max,1
X757_max,1
X905_min,1
X562_min,1
X561_median,1
X644_range,1
X733_range,1
X455_median,1
X453_median,1
X451_median,1
X180_mean,1
X496_median,1
X904_min,1
X899_min,1
X894_min,1
X892_min,1
X891_min,1
X926_min,1
X862_median,1
X978_std,1
X977_std,1
X976_std,1
X820_mean,1
X818_mean,1
X1000_std,1
X751_max,1
X750_max,1
X736_max,1
X931_min,1
X967_std,1
X825_mean,1
X991_std,1
X754_max,1
X910_min,1
X957_std,1
X984_std,1
X983_std,1
X762_range,1
X845_max,1
X838_max,1
X837_max,1
X748_range,1
X854_max,1
X850_max,1
X466_min,1
X462_min,1
X982_std,1
X689_max,1
X953_min,1
X952_min,1
X794_range,1
X783_range,1
X456_median,1
X459_min,1
X458_min,1
X456_min,1
X452_min,1
X974_min,1
X973_min,1
X971_min,1
X653_max,1
X937_std,1
X936_std,1
X965_std,1
X964_std,1
X961_std,1
X581_max,1
X885_mean,1
X884_mean,1
X940_std,1
X927_std,1
X916_std,1
X652_max,1
X642_max,1
X637_max,1
X548_mean,1
X631_max,1
X914_std,1
X972_std,1
X969_std,1
X456_mean,1
X459_median,1
X797_std,1
X790_std,1
X844_std,1
X448_min,1
X866_max,1
X857_max,1
X855_max,1
X804_range,1
X434_median,1
X393_min,1
X392_min,1
X391_min,1
X390_min,1
X589_max,1
X585_max,1
X992_min,1
X575_max,1
X571_max,1
X888_max,1
X886_max,1
X874_max,1
X435_min,1
X434_min,1
X900_max,1
X894_max,1
X890_max,1
X406_min,1
X405_min,1
X562_max,1
X561_max,1
X1045_min,1
X1042_min,1
X398_min,1
X396_min,1
X395_min,1
X445_median,1
X810_range,1
X809_range,1
X807_range,1
X319_min,1
X317_min,1
X992_max,1
X990_max,1
X914_mean,1
X1012_min,1
X1075_min,1
X579_max,1
X576_max,1
X755_mean,1
X504_max,1
X501_max,1
X499_max,1
X642_std,1
X947_mean,1
X1066_min,1
X1063_min,1
X1059_min,1
X885_median,1
X883_median,1
X789_std,1
X913_mean,1
X724_std,1
X720_std,1
X399_min,1
X500_mean,1
X497_mean,1
X1078_min,1
X506_max,1
X974_max,1
X973_max,1
X971_max,1
X953_max,1
X932_max,1
X920_max,1
X917_max,1
X912_max,1
X411_median,1
X409_median,1
X406_median,1
X405_median,1
X942_mean,1
X285_min,1
X275_min,1
X271_min,1
X344_min,1
X342_min,1
X320_min,1
X386_median,1
X824_range,1
X637_mean,1
X941_mean,1
X939_mean,1
X936_mean,1
X935_mean,1
X933_mean,1
X501_mean,1
X64_max,1
X63_max,1
X59_max,1
X57_max,1
X111_max,1
X904_median,1
X900_median,1
X496_mean,1
X495_mean,1
X502_std,1
X500_std,1
X917_median,1
X920_mean,1
X918_mean,1
X890_median,1
X943_mean,1
X978_mean,1
X593_std,1
X587_std,1
X950_mean,1
X498_std,1
X941_median,1
X636_mean,1
X611_mean,1
X290_min,1
X420_median,1
X413_median,1
X271_median,1
X820_range,1
X817_range,1
X849_range,1
X938_median,1
X960_median,1
X953_median,1
X951_median,1
X342_median,1
X180_min,1
X641_mean,1
X815_range,1
X335_mean,1
X904_range,1
X870_range,1
X860_range,1
X961_mean,1
X960_mean,1
X957_mean,1
X955_mean,1
X954_mean,1
X368_mean,1
X981_median,1
X1005_median,1
X988_median,1
X260_max,1
X976_mean,1
X971_median,1
X967_mean,1
X966_mean,1
X416_std,1
X407_std,1
X971_mean,1
X970_mean,1
X112_max,1
X471_mean,1
X965_median,1
X986_median,1
X71_min,1
X893_range,1
X409_mean,1
X407_mean,1
X406_mean,1
X859_range,1
X855_range,1
X853_range,1
X874_range,1
X122_min,1
X111_min,1
X383_mean,1
X379_mean,1
X952_range,1
X373_mean,1
X430_max,1
X7_min,1
X387_max,1
X4_min,1
X1081_range,1
X739_mean,1
X1079_range,1
X413_max,1
X406_max,1
X400_max,1
X391_max,1
X390_max,1
X1066_max,1
X459_max,1
X454_max,1
X320_max,1
X751_median,1
X792_median,1
X780_median,1
X689_min,1
X756_min,1
X753_min,1
X150_mean,1
X443_range,1
X104_mean,1
X720_median,1
X689_median,1
X1071_max,1
X37_min,1
X724_mean,1
X1011_range,1
X1075_mean,1
X1070_median,0
X1071_median,0
X1073_median,0
X1075_median,0
X1076_median,0
X1077_median,0
X369_std,0
X368_std,0
X367_std,0
X366_std,0
X365_std,0
X348_std,0
X996_median,0
X993_median,0
X992_median,0
X991_median,0
X990_median,0
X989_median,0
X396_std,0
X389_std,0
X384_std,0
X379_std,0
X447_max,0
X446_max,0
X445_max,0
X444_max,0
X442_max,0
X434_max,0
X428_max,0
X416_max,0
X409_max,0
X405_max,0
X403_max,0
X399_max,0
X397_max,0
X396_max,0
X395_max,0
X393_max,0
X375_max,0
X374_max,0
X373_max,0
X369_max,0
X368_max,0
X367_max,0
X366_max,0
X365_max,0
X364_max,0
X348_max,0
X346_max,0
X344_max,0
X453_max,0
X452_max,0
X450_max,0
X448_max,0
X475_mean,0
X473_mean,0
X469_max,0
X468_max,0
X467_max,0
X464_max,0
X463_max,0
X462_max,0
X460_max,0
X458_max,0
X457_max,0
X340_max,0
X335_max,0
X332_max,0
X302_max,0
X378_max,0
X469_mean,0
X468_mean,0
X467_mean,0
X495_max,0
X477_max,0
X476_max,0
X475_max,0
X474_max,0
X473_max,0
X472_max,0
X471_max,0
X470_max,0
X253_max,0
X250_max,0
X477_mean,0
X476_mean,0
X1082_min,0
X1081_min,0
X548_max,0
X514_max,0
X512_max,0
X511_max,0
X502_max,0
X498_max,0
X497_max,0
X23_max,0
X21_max,0
X104_max,0
X82_max,0
X80_max,0
X472_mean,0
X470_mean,0
X996_min,0
X994_min,0
X993_min,0
X991_min,0
X990_min,0
X989_min,0
X570_mean,0
X577_max,0
X569_max,0
X1077_min,0
X1076_min,0
X1071_min,0
X1064_min,0
X1056_min,0
position_min,0
X1086_min,0
X511_mean,0
X988_min,0
X987_min,0
X986_min,0
X985_min,0
X984_min,0
X983_min,0
X982_min,0
X981_min,0
X611_max,0
X595_max,0
X590_max,0
X586_max,0
X584_max,0
X582_max,0
X1000_min,0
X972_min,0
X970_min,0
X969_min,0
X968_min,0
X967_min,0
X966_min,0
X965_min,0
X651_max,0
X650_max,0
X647_max,0
X646_max,0
X645_max,0
X641_max,0
X640_max,0
X636_max,0
X512_mean,0
X960_min,0
X959_min,0
X958_min,0
X957_min,0
X955_min,0
X954_min,0
X951_min,0
X950_min,0
X949_min,0
X948_min,0
X980_min,0
X979_min,0
X978_min,0
X977_min,0
X976_min,0
X975_min,0
X943_min,0
X942_min,0
X941_min,0
X940_min,0
X939_min,0
X938_min,0
X937_min,0
X936_min,0
X935_min,0
X933_min,0
X724_max,0
X720_max,0
X964_min,0
X963_min,0
X962_min,0
X961_min,0
X923_min,0
X922_min,0
X921_min,0
X919_min,0
X918_min,0
X917_min,0
X916_min,0
X915_min,0
X749_max,0
X748_max,0
X745_max,0
X734_max,0
X947_min,0
X946_min,0
X945_min,0
X944_min,0
X884_min,0
X768_max,0
X767_max,0
X764_max,0
X756_max,0
X914_min,0
X913_min,0
X912_min,0
X900_min,0
X896_min,0
X893_min,0
X930_min,0
X928_min,0
X927_min,0
X925_min,0
X924_min,0
X801_min,0
X793_max,0
X789_max,0
X785_max,0
X780_max,0
X825_min,0
X822_min,0
X819_min,0
X818_min,0
X817_min,0
X848_min,0
X846_min,0
X844_min,0
X840_min,0
X866_min,0
X853_min,0
X795_min,0
X789_min,0
X785_min,0
X782_min,0
X780_min,0
X810_max,0
X809_max,0
X806_max,0
X805_max,0
X804_max,0
X812_min,0
X811_min,0
X809_min,0
X806_min,0
X805_min,0
X804_min,0
X646_min,0
X645_min,0
X643_min,0
X818_max,0
X813_max,0
X579_mean,0
X724_min,0
X755_min,0
X754_min,0
X751_min,0
X750_min,0
X773_min,0
X768_min,0
X767_min,0
X760_min,0
X796_min,0
X510_min,0
X432_mean,0
X430_mean,0
X584_min,0
X577_min,0
X642_min,0
X640_min,0
X637_min,0
X636_min,0
X631_min,0
X611_min,0
X595_min,0
X592_min,0
X589_min,0
X650_min,0
X647_min,0
X470_min,0
X469_min,0
X468_min,0
X467_min,0
X464_min,0
X461_min,0
X500_min,0
X497_min,0
X496_min,0
X495_min,0
X477_min,0
X561_min,0
X548_min,0
X514_min,0
X512_min,0
X511_min,0
X457_min,0
X454_min,0
X453_min,0
X451_min,0
X445_min,0
X444_min,0
X860_max,0
X853_max,0
X851_max,0
X849_max,0
X476_min,0
X475_min,0
X474_min,0
X473_min,0
X472_min,0
X471_min,0
X394_min,0
X389_min,0
X885_max,0
X884_max,0
X883_max,0
X882_max,0
X881_max,0
X870_max,0
X432_min,0
X431_min,0
X430_min,0
X425_min,0
X416_min,0
X413_min,0
X409_min,0
X460_min,0
X922_max,0
X921_max,0
X919_max,0
X918_max,0
X916_max,0
X915_max,0
X914_max,0
X913_max,0
X911_max,0
X910_max,0
X904_max,0
X892_max,0
X891_max,0
X407_min,0
X403_min,0
X397_min,0
X940_max,0
X939_max,0
X938_max,0
X937_max,0
X936_max,0
X935_max,0
X933_max,0
X931_max,0
X930_max,0
X929_max,0
X928_max,0
X927_max,0
X926_max,0
X925_max,0
X924_max,0
X923_max,0
X958_max,0
X957_max,0
X955_max,0
X954_max,0
X952_max,0
X951_max,0
X950_max,0
X949_max,0
X948_max,0
X947_max,0
X946_max,0
X945_max,0
X944_max,0
X943_max,0
X942_max,0
X941_max,0
X978_max,0
X977_max,0
X976_max,0
X972_max,0
X970_max,0
X969_max,0
X968_max,0
X967_max,0
X966_max,0
X965_max,0
X964_max,0
X963_max,0
X962_max,0
X961_max,0
X960_max,0
X959_max,0
X388_min,0
X387_min,0
X385_min,0
X384_min,0
X383_min,0
X379_min,0
X378_min,0
X376_min,0
X375_min,0
X374_min,0
X373_min,0
X369_min,0
X368_min,0
X367_min,0
X366_min,0
X979_max,0
X336_min,0
X335_min,0
X332_min,0
X996_max,0
X994_max,0
X993_max,0
X991_max,0
X989_max,0
X987_max,0
X986_max,0
X985_max,0
X984_max,0
X983_max,0
X982_max,0
X981_max,0
X980_max,0
position_range,0
X1086_range,0
X1082_range,0
X1041_max,0
X1000_max,0
X82_min,0
X78_min,0
X104_min,0
X150_min,0
X595_mean,0
X302_min,0
X642_mean,0
X365_min,0
X364_min,0
X348_min,0
X346_min,0
X1077_range,0
X1076_range,0
X1075_range,0
X1073_range,0
X1071_range,0
X1070_range,0
X1068_range,0
X1066_range,0
X1064_range,0
X1063_range,0
X1060_max,0
X1059_max,0
X1058_max,0
X1056_max,0
X1049_max,0
X12_min,0
X1082_max,0
X1081_max,0
X1079_max,0
X1078_max,0
X1077_max,0
X1076_max,0
X1012_range,0
X1000_range,0
X1060_range,0
X1059_range,0
X1058_range,0
X1056_range,0
X1049_range,0
X1045_range,0
X1041_range,0
X1078_range,0
X994_range,0
X993_range,0
X992_range,0
X991_range,0
X990_range,0
X989_range,0
X988_range,0
X987_range,0
X986_range,0
X985_range,0
X984_range,0
X983_range,0
X982_range,0
X981_range,0
position_max,0
X1086_max,0
X976_range,0
X975_range,0
X974_range,0
X973_range,0
X972_range,0
X971_range,0
X970_range,0
X969_range,0
X968_range,0
X967_range,0
X966_range,0
X965_range,0
X384_mean,0
X378_mean,0
X375_mean,0
X996_range,0
X960_range,0
X959_range,0
X958_range,0
X957_range,0
X955_range,0
X954_range,0
X953_range,0
X951_range,0
X950_range,0
X949_range,0
X948_range,0
X393_mean,0
X980_range,0
X979_range,0
X978_range,0
X977_range,0
X944_range,0
X943_range,0
X942_range,0
X941_range,0
X940_range,0
X939_range,0
X938_range,0
X937_range,0
X936_range,0
X935_range,0
X933_range,0
X932_range,0
X964_range,0
X963_range,0
X962_range,0
X961_range,0
X919_range,0
X918_range,0
X917_range,0
X916_range,0
X915_range,0
X111_median,0
X104_median,0
X374_mean,0
X369_mean,0
X366_mean,0
X365_mean,0
X364_mean,0
X348_mean,0
X947_range,0
X946_range,0
X945_range,0
X899_range,0
X896_range,0
X894_range,0
X892_range,0
X891_range,0
X930_range,0
X929_range,0
X928_range,0
X927_range,0
X926_range,0
X925_range,0
X924_range,0
X923_range,0
X922_range,0
X921_range,0
X920_range,0
X884_range,0
X883_range,0
X882_range,0
X881_range,0
X880_range,0
X877_range,0
X875_range,0
X873_range,0
X914_range,0
X913_range,0
X912_range,0
X911_range,0
X910_range,0
X907_range,0
X905_range,0
X900_range,0
X332_median,0
X302_median,0
X868_range,0
X866_range,0
X864_range,0
X862_range,0
X857_range,0
X856_range,0
X854_range,0
X852_range,0
X851_range,0
X890_range,0
X889_range,0
X887_range,0
X886_range,0
X885_range,0
X847_range,0
X846_range,0
X845_range,0
X844_range,0
X843_range,0
X842_range,0
X840_range,0
X839_range,0
X838_range,0
X837_range,0
X836_range,0
X348_median,0
X346_median,0
X344_median,0
X340_median,0
X335_median,0
X818_range,0
X385_median,0
X384_median,0
X383_median,0
X379_median,0
X378_median,0
X375_median,0
X374_median,0
X373_median,0
X369_median,0
X368_median,0
X367_median,0
X366_median,0
X365_median,0
X364_median,0
X848_range,0
X816_range,0
X814_range,0
X403_median,0
X398_median,0
X397_median,0
X396_median,0
X394_median,0
X393_median,0
X391_median,0
X389_median,0
X388_median,0
X387_median,0
X825_range,0
X823_range,0
X822_range,0
X821_range,0
X813_range,0
X812_range,0
X811_range,0
X808_range,0
X806_range,0
X805_range,0
X803_range,0
X802_range,0
X801_range,0
X800_range,0
X799_range,0
X798_range,0
X430_median,0
X416_median,0
X407_median,0
X751_mean,0
X797_range,0
X796_range,0
X795_range,0
X793_range,0
X792_range,0
X791_range,0
X790_range,0
X789_range,0
X788_range,0
X785_range,0
X784_range,0
X782_range,0
X780_range,0
X779_range,0
X457_median,0
X450_median,0
X765_range,0
X763_range,0
X761_range,0
X760_range,0
X759_range,0
X758_range,0
X757_range,0
X474_median,0
X473_median,0
X472_median,0
X471_median,0
X470_median,0
X469_median,0
X468_median,0
X467_median,0
X465_median,0
X512_median,0
X511_median,0
X504_median,0
X498_median,0
X497_median,0
X495_median,0
X477_median,0
X476_median,0
X475_median,0
X777_range,0
X775_range,0
X773_range,0
X769_range,0
X768_range,0
X767_range,0
X766_range,0
X756_range,0
X755_range,0
X754_range,0
X753_range,0
X752_range,0
X751_range,0
X750_range,0
X749_range,0
X747_range,0
X746_range,0
X744_range,0
X739_range,0
X738_range,0
X736_range,0
X548_median,0
X514_median,0
X595_range,0
X594_range,0
X593_range,0
X592_range,0
X571_median,0
X652_range,0
X651_range,0
X650_range,0
X649_range,0
X647_range,0
X646_range,0
X645_range,0
X734_range,0
X724_range,0
X720_range,0
X689_range,0
X572_range,0
X636_median,0
X611_median,0
X595_median,0
X594_median,0
X592_median,0
X586_median,0
X590_range,0
X642_range,0
X641_range,0
X640_range,0
X637_range,0
X636_range,0
X632_range,0
X631_range,0
X611_range,0
X511_range,0
X510_range,0
X506_range,0
X505_range,0
X504_range,0
X652_median,0
X651_median,0
X647_median,0
X642_median,0
X640_median,0
X587_range,0
X584_range,0
X581_range,0
X579_range,0
X577_range,0
X575_range,0
X465_range,0
X464_range,0
X463_range,0
X460_range,0
X502_range,0
X500_range,0
X498_range,0
X497_range,0
X496_range,0
X495_range,0
X490_range,0
X477_range,0
X476_range,0
X548_range,0
X514_range,0
X512_range,0
X454_range,0
X452_range,0
X451_range,0
X450_range,0
X446_range,0
X724_median,0
X475_range,0
X474_range,0
X473_range,0
X472_range,0
X471_range,0
X470_range,0
X469_range,0
X468_range,0
X467_range,0
X466_range,0
X430_range,0
X428_range,0
X425_range,0
X420_range,0
X416_range,0
X413_range,0
X411_range,0
X409_range,0
X407_range,0
X745_median,0
X105_mean,0
X459_range,0
X458_range,0
X457_range,0
X456_range,0
X455_range,0
X397_range,0
X396_range,0
X395_range,0
X394_range,0
X393_range,0
X392_range,0
X391_range,0
X390_range,0
X389_range,0
X388_range,0
X442_range,0
X435_range,0
X434_range,0
X433_range,0
X432_range,0
X431_range,0
X369_range,0
X368_range,0
X367_range,0
X366_range,0
X365_range,0
X788_median,0
X784_median,0
X783_median,0
X782_median,0
X777_median,0
X406_range,0
X405_range,0
X403_range,0
X400_range,0
X399_range,0
X398_range,0
X318_range,0
X302_range,0
X801_median,0
X797_median,0
X796_median,0
X387_range,0
X386_range,0
X385_range,0
X384_range,0
X383_range,0
X379_range,0
X378_range,0
X376_range,0
X375_range,0
X374_range,0
X373_range,0
X1071_std,0
X822_median,0
X819_median,0
X818_median,0
X816_median,0
X812_median,0
X810_median,0
X364_range,0
X354_range,0
X348_range,0
X346_range,0
X344_range,0
X342_range,0
X340_range,0
X335_range,0
X332_range,0
X993_std,0
X824_median,0
X1064_std,0
X1063_std,0
X1060_std,0
X1049_std,0
X807_mean,0
X1070_std,0
X1068_std,0
X1066_std,0
position_std,0
X1086_std,0
X1082_std,0
X1078_std,0
X1076_std,0
X1073_std,0
X949_std,0
X946_std,0
X945_std,0
X944_std,0
X943_std,0
X941_std,0
X860_median,0
X855_median,0
X970_std,0
X966_std,0
X963_std,0
X959_std,0
X958_std,0
X985_std,0
X980_std,0
X996_std,0
X921_mean,0
X930_mean,0
X862_mean,0
X912_std,0
X930_std,0
X928_std,0
X923_std,0
X922_std,0
X921_std,0
X919_std,0
X918_std,0
X939_std,0
X938_std,0
X935_std,0
X933_std,0
X954_std,0
X579_std,0
X577_std,0
X944_mean,0
X940_mean,0
X938_mean,0
X937_mean,0
X611_std,0
X595_std,0
X636_std,0
X945_mean,0
X928_mean,0
X927_mean,0
X926_mean,0
X924_mean,0
X923_mean,0
X922_mean,0
X963_mean,0
X926_median,0
X925_median,0
X924_median,0
X923_median,0
X922_median,0
X921_median,0
X920_median,0
X919_median,0
X918_median,0
X916_median,0
X915_median,0
X914_median,0
X913_median,0
X912_median,0
X592_std,0
X958_mean,0
X943_median,0
X942_median,0
X940_median,0
X939_median,0
X937_median,0
X936_median,0
X935_median,0
X933_median,0
X930_median,0
X929_median,0
X928_median,0
X927_median,0
X514_std,0
X512_std,0
X511_std,0
X964_median,0
X963_median,0
X962_median,0
X961_median,0
X959_median,0
X958_median,0
X957_median,0
X955_median,0
X954_median,0
X950_median,0
X949_median,0
X948_median,0
X947_median,0
X946_median,0
X945_median,0
X944_median,0
X477_std,0
X476_std,0
X475_std,0
X474_std,0
X473_std,0
X472_std,0
X471_std,0
X470_std,0
X469_std,0
X468_std,0
X467_std,0
X972_median,0
X970_median,0
X969_median,0
X967_median,0
X966_median,0
X378_std,0
X985_median,0
X984_median,0
X983_median,0
X982_median,0
X979_median,0
X978_median,0
X977_median,0
X976_median,0
X975_median,0
X403_std,0
X399_std,0
X969_mean,0
X965_mean,0
X496_std,0
X495_std,0
X1082_median,0
X1073_mean,0
X1059_mean,0
position_mean,0
X1086_mean,0
X1082_mean,0
position_median,0
X1077_mean,0
X981_mean,0
X996_mean,0
X993_mean,0
X990_mean,0
X986_mean,0
X984_mean,0
X375_std,0
X374_std,0
X392_max,0
X389_max,0
X388_max,0
X386_max,0
X385_max,0
X384_max,0
X383_max,0
X379_max,0
X1066_median,0
X1064_median,0
X1063_median,0
X1060_median,0
X1059_median,0
X1056_median,0
X1049_median,0
X1086_median,0
